200,Jennifer,Whalen,JWHALEN,1.515.555.0165,2013-09-17 00:00:00,AD_ASST,4400,,101,10,Administration Assistant,36899
200,Jennifer,Whalen,JWHALEN,1.515.555.0165,2013-09-17 00:00:00,AD_ASST,4400,,101,10,Administration Assistant,36899
200,Jennifer,Whalen,JWHALEN,1.515.555.0165,2013-09-17 00:00:00,AD_ASST,4400,,101,10,Administration Assistant,36899
200,Jennifer,Whalen,JWHALEN,1.515.555.0165,2013-09-17 00:00:00,AD_ASST,4400,,101,10,Administration Assistant,36899
200,Jennifer,Whalen,JWHALEN,1.515.555.0165,2013-09-17 00:00:00,AD_ASST,4400,,101,10,Administration Assistant,36899
202,Pat,Davis,PDAVIS,1.603.555.0167,2015-08-17 00:00:00,MK_REP,6000,,201,20,Marketing Representative,24526
202,Pat,Davis,PDAVIS,1.603.555.0167,2015-08-17 00:00:00,MK_REP,6000,,201,20,Marketing Representative,24526
202,Pat,Davis,PDAVIS,1.603.555.0167,2015-08-17 00:00:00,MK_REP,6000,,201,20,Marketing Representative,24526
202,Pat,Davis,PDAVIS,1.603.555.0167,2015-08-17 00:00:00,MK_REP,6000,,201,20,Marketing Representative,24526
202,Pat,Davis,PDAVIS,1.603.555.0167,2015-08-17 00:00:00,MK_REP,6000,,201,20,Marketing Representative,24526
203,Susan,Jacobs,SJACOBS,1.515.555.0168,2012-06-07 00:00:00,HR_REP,6500,,101,40,Human Resources Representative,37054
203,Susan,Jacobs,SJACOBS,1.515.555.0168,2012-06-07 00:00:00,HR_REP,6500,,101,40,Human Resources Representative,32848
203,Susan,Jacobs,SJACOBS,1.515.555.0168,2012-06-07 00:00:00,HR_REP,6500,,101,40,Human Resources Representative,37054
203,Susan,Jacobs,SJACOBS,1.515.555.0168,2012-06-07 00:00:00,HR_REP,6500,,101,40,Human Resources Representative,32848
203,Susan,Jacobs,SJACOBS,1.515.555.0168,2012-06-07 00:00:00,HR_REP,6500,,101,40,Human Resources Representative,37054
203,Susan,Jacobs,SJACOBS,1.515.555.0168,2012-06-07 00:00:00,HR_REP,6500,,101,40,Human Resources Representative,32848
203,Susan,Jacobs,SJACOBS,1.515.555.0168,2012-06-07 00:00:00,HR_REP,6500,,101,40,Human Resources Representative,37054
203,Susan,Jacobs,SJACOBS,1.515.555.0168,2012-06-07 00:00:00,HR_REP,6500,,101,40,Human Resources Representative,32848
203,Susan,Jacobs,SJACOBS,1.515.555.0168,2012-06-07 00:00:00,HR_REP,6500,,101,40,Human Resources Representative,37054
203,Susan,Jacobs,SJACOBS,1.515.555.0168,2012-06-07 00:00:00,HR_REP,6500,,101,40,Human Resources Representative,32848
205,Shelley,Higgins,SHIGGINS,1.515.555.0170,2012-06-07 00:00:00,AC_MGR,12008,,101,110,Accounting Manager,35737
205,Shelley,Higgins,SHIGGINS,1.515.555.0170,2012-06-07 00:00:00,AC_MGR,12008,,101,110,Accounting Manager,35737
205,Shelley,Higgins,SHIGGINS,1.515.555.0170,2012-06-07 00:00:00,AC_MGR,12008,,101,110,Accounting Manager,35737
205,Shelley,Higgins,SHIGGINS,1.515.555.0170,2012-06-07 00:00:00,AC_MGR,12008,,101,110,Accounting Manager,35737
205,Shelley,Higgins,SHIGGINS,1.515.555.0170,2012-06-07 00:00:00,AC_MGR,12008,,101,110,Accounting Manager,35737
206,William,Gietz,WGIETZ,1.515.555.0171,2012-06-07 00:00:00,AC_ACCOUNT,8300,,205,110,Public Accountant,38735
206,William,Gietz,WGIETZ,1.515.555.0171,2012-06-07 00:00:00,AC_ACCOUNT,8300,,205,110,Public Accountant,28559
206,William,Gietz,WGIETZ,1.515.555.0171,2012-06-07 00:00:00,AC_ACCOUNT,8300,,205,110,Public Accountant,38735
206,William,Gietz,WGIETZ,1.515.555.0171,2012-06-07 00:00:00,AC_ACCOUNT,8300,,205,110,Public Accountant,28559
206,William,Gietz,WGIETZ,1.515.555.0171,2012-06-07 00:00:00,AC_ACCOUNT,8300,,205,110,Public Accountant,38735
206,William,Gietz,WGIETZ,1.515.555.0171,2012-06-07 00:00:00,AC_ACCOUNT,8300,,205,110,Public Accountant,28559
206,William,Gietz,WGIETZ,1.515.555.0171,2012-06-07 00:00:00,AC_ACCOUNT,8300,,205,110,Public Accountant,38735
206,William,Gietz,WGIETZ,1.515.555.0171,2012-06-07 00:00:00,AC_ACCOUNT,8300,,205,110,Public Accountant,28559
206,William,Gietz,WGIETZ,1.515.555.0171,2012-06-07 00:00:00,AC_ACCOUNT,8300,,205,110,Public Accountant,38735
206,William,Gietz,WGIETZ,1.515.555.0171,2012-06-07 00:00:00,AC_ACCOUNT,8300,,205,110,Public Accountant,28559
101,Neena,Yang,NYANG,1.515.555.0101,2015-09-21 00:00:00,AD_VP,17000,,100,90,Administration Vice President,26967
101,Neena,Yang,NYANG,1.515.555.0101,2015-09-21 00:00:00,AD_VP,17000,,100,90,Administration Vice President,11834
101,Neena,Yang,NYANG,1.515.555.0101,2015-09-21 00:00:00,AD_VP,17000,,100,90,Administration Vice President,3603
101,Neena,Yang,NYANG,1.515.555.0101,2015-09-21 00:00:00,AD_VP,17000,,100,90,Administration Vice President,26967
101,Neena,Yang,NYANG,1.515.555.0101,2015-09-21 00:00:00,AD_VP,17000,,100,90,Administration Vice President,11834
101,Neena,Yang,NYANG,1.515.555.0101,2015-09-21 00:00:00,AD_VP,17000,,100,90,Administration Vice President,3603
101,Neena,Yang,NYANG,1.515.555.0101,2015-09-21 00:00:00,AD_VP,17000,,100,90,Administration Vice President,26967
101,Neena,Yang,NYANG,1.515.555.0101,2015-09-21 00:00:00,AD_VP,17000,,100,90,Administration Vice President,11834
101,Neena,Yang,NYANG,1.515.555.0101,2015-09-21 00:00:00,AD_VP,17000,,100,90,Administration Vice President,3603
101,Neena,Yang,NYANG,1.515.555.0101,2015-09-21 00:00:00,AD_VP,17000,,100,90,Administration Vice President,26967
101,Neena,Yang,NYANG,1.515.555.0101,2015-09-21 00:00:00,AD_VP,17000,,100,90,Administration Vice President,11834
101,Neena,Yang,NYANG,1.515.555.0101,2015-09-21 00:00:00,AD_VP,17000,,100,90,Administration Vice President,3603
101,Neena,Yang,NYANG,1.515.555.0101,2015-09-21 00:00:00,AD_VP,17000,,100,90,Administration Vice President,26967
101,Neena,Yang,NYANG,1.515.555.0101,2015-09-21 00:00:00,AD_VP,17000,,100,90,Administration Vice President,11834
101,Neena,Yang,NYANG,1.515.555.0101,2015-09-21 00:00:00,AD_VP,17000,,100,90,Administration Vice President,3603
102,Lex,Garcia,LGARCIA,1.515.555.0102,2011-01-13 00:00:00,AD_VP,17000,,100,90,Administration Vice President,26967
102,Lex,Garcia,LGARCIA,1.515.555.0102,2011-01-13 00:00:00,AD_VP,17000,,100,90,Administration Vice President,11834
102,Lex,Garcia,LGARCIA,1.515.555.0102,2011-01-13 00:00:00,AD_VP,17000,,100,90,Administration Vice President,3603
102,Lex,Garcia,LGARCIA,1.515.555.0102,2011-01-13 00:00:00,AD_VP,17000,,100,90,Administration Vice President,26967
102,Lex,Garcia,LGARCIA,1.515.555.0102,2011-01-13 00:00:00,AD_VP,17000,,100,90,Administration Vice President,11834
102,Lex,Garcia,LGARCIA,1.515.555.0102,2011-01-13 00:00:00,AD_VP,17000,,100,90,Administration Vice President,3603
102,Lex,Garcia,LGARCIA,1.515.555.0102,2011-01-13 00:00:00,AD_VP,17000,,100,90,Administration Vice President,26967
102,Lex,Garcia,LGARCIA,1.515.555.0102,2011-01-13 00:00:00,AD_VP,17000,,100,90,Administration Vice President,11834
102,Lex,Garcia,LGARCIA,1.515.555.0102,2011-01-13 00:00:00,AD_VP,17000,,100,90,Administration Vice President,3603
102,Lex,Garcia,LGARCIA,1.515.555.0102,2011-01-13 00:00:00,AD_VP,17000,,100,90,Administration Vice President,26967
102,Lex,Garcia,LGARCIA,1.515.555.0102,2011-01-13 00:00:00,AD_VP,17000,,100,90,Administration Vice President,11834
102,Lex,Garcia,LGARCIA,1.515.555.0102,2011-01-13 00:00:00,AD_VP,17000,,100,90,Administration Vice President,3603
102,Lex,Garcia,LGARCIA,1.515.555.0102,2011-01-13 00:00:00,AD_VP,17000,,100,90,Administration Vice President,26967
102,Lex,Garcia,LGARCIA,1.515.555.0102,2011-01-13 00:00:00,AD_VP,17000,,100,90,Administration Vice President,11834
102,Lex,Garcia,LGARCIA,1.515.555.0102,2011-01-13 00:00:00,AD_VP,17000,,100,90,Administration Vice President,3603
103,Alexander,James,AJAMES,1.590.555.0103,2016-01-03 00:00:00,IT_PROG,9000,,102,60,Programmer,4690
103,Alexander,James,AJAMES,1.590.555.0103,2016-01-03 00:00:00,IT_PROG,9000,,102,60,Programmer,4690
103,Alexander,James,AJAMES,1.590.555.0103,2016-01-03 00:00:00,IT_PROG,9000,,102,60,Programmer,4690
103,Alexander,James,AJAMES,1.590.555.0103,2016-01-03 00:00:00,IT_PROG,9000,,102,60,Programmer,4690
103,Alexander,James,AJAMES,1.590.555.0103,2016-01-03 00:00:00,IT_PROG,9000,,102,60,Programmer,4690
104,Bruce,Miller,BMILLER,1.590.555.0104,2017-05-21 00:00:00,IT_PROG,6000,,103,60,Programmer,4690
104,Bruce,Miller,BMILLER,1.590.555.0104,2017-05-21 00:00:00,IT_PROG,6000,,103,60,Programmer,4690
104,Bruce,Miller,BMILLER,1.590.555.0104,2017-05-21 00:00:00,IT_PROG,6000,,103,60,Programmer,4690
104,Bruce,Miller,BMILLER,1.590.555.0104,2017-05-21 00:00:00,IT_PROG,6000,,103,60,Programmer,4690
104,Bruce,Miller,BMILLER,1.590.555.0104,2017-05-21 00:00:00,IT_PROG,6000,,103,60,Programmer,4690
105,David,Williams,DWILLIAMS,1.590.555.0105,2015-06-25 00:00:00,IT_PROG,4800,,103,60,Programmer,4690
105,David,Williams,DWILLIAMS,1.590.555.0105,2015-06-25 00:00:00,IT_PROG,4800,,103,60,Programmer,4690
105,David,Williams,DWILLIAMS,1.590.555.0105,2015-06-25 00:00:00,IT_PROG,4800,,103,60,Programmer,4690
105,David,Williams,DWILLIAMS,1.590.555.0105,2015-06-25 00:00:00,IT_PROG,4800,,103,60,Programmer,4690
105,David,Williams,DWILLIAMS,1.590.555.0105,2015-06-25 00:00:00,IT_PROG,4800,,103,60,Programmer,4690
106,Valli,Jackson,VJACKSON,1.590.555.0106,2016-02-05 00:00:00,IT_PROG,4800,,103,60,Programmer,4690
106,Valli,Jackson,VJACKSON,1.590.555.0106,2016-02-05 00:00:00,IT_PROG,4800,,103,60,Programmer,4690
106,Valli,Jackson,VJACKSON,1.590.555.0106,2016-02-05 00:00:00,IT_PROG,4800,,103,60,Programmer,4690
106,Valli,Jackson,VJACKSON,1.590.555.0106,2016-02-05 00:00:00,IT_PROG,4800,,103,60,Programmer,4690
106,Valli,Jackson,VJACKSON,1.590.555.0106,2016-02-05 00:00:00,IT_PROG,4800,,103,60,Programmer,4690
107,Diana,Nguyen,DNGUYEN,1.590.555.0107,2017-02-07 00:00:00,IT_PROG,4200,,103,60,Programmer,4690
107,Diana,Nguyen,DNGUYEN,1.590.555.0107,2017-02-07 00:00:00,IT_PROG,4200,,103,60,Programmer,4690
107,Diana,Nguyen,DNGUYEN,1.590.555.0107,2017-02-07 00:00:00,IT_PROG,4200,,103,60,Programmer,4690
107,Diana,Nguyen,DNGUYEN,1.590.555.0107,2017-02-07 00:00:00,IT_PROG,4200,,103,60,Programmer,4690
107,Diana,Nguyen,DNGUYEN,1.590.555.0107,2017-02-07 00:00:00,IT_PROG,4200,,103,60,Programmer,4690
109,Daniel,Faviet,DFAVIET,1.515.555.0109,2012-08-16 00:00:00,FI_ACCOUNT,9000,,108,100,Accountant,13285
109,Daniel,Faviet,DFAVIET,1.515.555.0109,2012-08-16 00:00:00,FI_ACCOUNT,9000,,108,100,Accountant,25664
109,Daniel,Faviet,DFAVIET,1.515.555.0109,2012-08-16 00:00:00,FI_ACCOUNT,9000,,108,100,Accountant,39252
109,Daniel,Faviet,DFAVIET,1.515.555.0109,2012-08-16 00:00:00,FI_ACCOUNT,9000,,108,100,Accountant,13285
109,Daniel,Faviet,DFAVIET,1.515.555.0109,2012-08-16 00:00:00,FI_ACCOUNT,9000,,108,100,Accountant,25664
109,Daniel,Faviet,DFAVIET,1.515.555.0109,2012-08-16 00:00:00,FI_ACCOUNT,9000,,108,100,Accountant,39252
109,Daniel,Faviet,DFAVIET,1.515.555.0109,2012-08-16 00:00:00,FI_ACCOUNT,9000,,108,100,Accountant,13285
109,Daniel,Faviet,DFAVIET,1.515.555.0109,2012-08-16 00:00:00,FI_ACCOUNT,9000,,108,100,Accountant,25664
109,Daniel,Faviet,DFAVIET,1.515.555.0109,2012-08-16 00:00:00,FI_ACCOUNT,9000,,108,100,Accountant,39252
109,Daniel,Faviet,DFAVIET,1.515.555.0109,2012-08-16 00:00:00,FI_ACCOUNT,9000,,108,100,Accountant,13285
109,Daniel,Faviet,DFAVIET,1.515.555.0109,2012-08-16 00:00:00,FI_ACCOUNT,9000,,108,100,Accountant,25664
109,Daniel,Faviet,DFAVIET,1.515.555.0109,2012-08-16 00:00:00,FI_ACCOUNT,9000,,108,100,Accountant,39252
109,Daniel,Faviet,DFAVIET,1.515.555.0109,2012-08-16 00:00:00,FI_ACCOUNT,9000,,108,100,Accountant,13285
109,Daniel,Faviet,DFAVIET,1.515.555.0109,2012-08-16 00:00:00,FI_ACCOUNT,9000,,108,100,Accountant,25664
109,Daniel,Faviet,DFAVIET,1.515.555.0109,2012-08-16 00:00:00,FI_ACCOUNT,9000,,108,100,Accountant,39252
110,John,Chen,JCHEN,1.515.555.0110,2015-09-28 00:00:00,FI_ACCOUNT,8200,,108,100,Accountant,13285
110,John,Chen,JCHEN,1.515.555.0110,2015-09-28 00:00:00,FI_ACCOUNT,8200,,108,100,Accountant,25664
110,John,Chen,JCHEN,1.515.555.0110,2015-09-28 00:00:00,FI_ACCOUNT,8200,,108,100,Accountant,39252
110,John,Chen,JCHEN,1.515.555.0110,2015-09-28 00:00:00,FI_ACCOUNT,8200,,108,100,Accountant,13285
110,John,Chen,JCHEN,1.515.555.0110,2015-09-28 00:00:00,FI_ACCOUNT,8200,,108,100,Accountant,25664
110,John,Chen,JCHEN,1.515.555.0110,2015-09-28 00:00:00,FI_ACCOUNT,8200,,108,100,Accountant,39252
110,John,Chen,JCHEN,1.515.555.0110,2015-09-28 00:00:00,FI_ACCOUNT,8200,,108,100,Accountant,13285
110,John,Chen,JCHEN,1.515.555.0110,2015-09-28 00:00:00,FI_ACCOUNT,8200,,108,100,Accountant,25664
110,John,Chen,JCHEN,1.515.555.0110,2015-09-28 00:00:00,FI_ACCOUNT,8200,,108,100,Accountant,39252
110,John,Chen,JCHEN,1.515.555.0110,2015-09-28 00:00:00,FI_ACCOUNT,8200,,108,100,Accountant,13285
110,John,Chen,JCHEN,1.515.555.0110,2015-09-28 00:00:00,FI_ACCOUNT,8200,,108,100,Accountant,25664
110,John,Chen,JCHEN,1.515.555.0110,2015-09-28 00:00:00,FI_ACCOUNT,8200,,108,100,Accountant,39252
110,John,Chen,JCHEN,1.515.555.0110,2015-09-28 00:00:00,FI_ACCOUNT,8200,,108,100,Accountant,13285
110,John,Chen,JCHEN,1.515.555.0110,2015-09-28 00:00:00,FI_ACCOUNT,8200,,108,100,Accountant,25664
110,John,Chen,JCHEN,1.515.555.0110,2015-09-28 00:00:00,FI_ACCOUNT,8200,,108,100,Accountant,39252
111,Ismael,Sciarra,ISCIARRA,1.515.555.0111,2015-09-30 00:00:00,FI_ACCOUNT,7700,,108,100,Accountant,13285
111,Ismael,Sciarra,ISCIARRA,1.515.555.0111,2015-09-30 00:00:00,FI_ACCOUNT,7700,,108,100,Accountant,25664
111,Ismael,Sciarra,ISCIARRA,1.515.555.0111,2015-09-30 00:00:00,FI_ACCOUNT,7700,,108,100,Accountant,39252
111,Ismael,Sciarra,ISCIARRA,1.515.555.0111,2015-09-30 00:00:00,FI_ACCOUNT,7700,,108,100,Accountant,13285
111,Ismael,Sciarra,ISCIARRA,1.515.555.0111,2015-09-30 00:00:00,FI_ACCOUNT,7700,,108,100,Accountant,25664
111,Ismael,Sciarra,ISCIARRA,1.515.555.0111,2015-09-30 00:00:00,FI_ACCOUNT,7700,,108,100,Accountant,39252
111,Ismael,Sciarra,ISCIARRA,1.515.555.0111,2015-09-30 00:00:00,FI_ACCOUNT,7700,,108,100,Accountant,13285
111,Ismael,Sciarra,ISCIARRA,1.515.555.0111,2015-09-30 00:00:00,FI_ACCOUNT,7700,,108,100,Accountant,25664
111,Ismael,Sciarra,ISCIARRA,1.515.555.0111,2015-09-30 00:00:00,FI_ACCOUNT,7700,,108,100,Accountant,39252
111,Ismael,Sciarra,ISCIARRA,1.515.555.0111,2015-09-30 00:00:00,FI_ACCOUNT,7700,,108,100,Accountant,13285
111,Ismael,Sciarra,ISCIARRA,1.515.555.0111,2015-09-30 00:00:00,FI_ACCOUNT,7700,,108,100,Accountant,25664
111,Ismael,Sciarra,ISCIARRA,1.515.555.0111,2015-09-30 00:00:00,FI_ACCOUNT,7700,,108,100,Accountant,39252
111,Ismael,Sciarra,ISCIARRA,1.515.555.0111,2015-09-30 00:00:00,FI_ACCOUNT,7700,,108,100,Accountant,13285
111,Ismael,Sciarra,ISCIARRA,1.515.555.0111,2015-09-30 00:00:00,FI_ACCOUNT,7700,,108,100,Accountant,25664
111,Ismael,Sciarra,ISCIARRA,1.515.555.0111,2015-09-30 00:00:00,FI_ACCOUNT,7700,,108,100,Accountant,39252
112,Jose Manuel,Urman,JMURMAN,1.515.555.0112,2016-03-07 00:00:00,FI_ACCOUNT,7800,,108,100,Accountant,13285
112,Jose Manuel,Urman,JMURMAN,1.515.555.0112,2016-03-07 00:00:00,FI_ACCOUNT,7800,,108,100,Accountant,25664
112,Jose Manuel,Urman,JMURMAN,1.515.555.0112,2016-03-07 00:00:00,FI_ACCOUNT,7800,,108,100,Accountant,39252
112,Jose Manuel,Urman,JMURMAN,1.515.555.0112,2016-03-07 00:00:00,FI_ACCOUNT,7800,,108,100,Accountant,13285
112,Jose Manuel,Urman,JMURMAN,1.515.555.0112,2016-03-07 00:00:00,FI_ACCOUNT,7800,,108,100,Accountant,25664
112,Jose Manuel,Urman,JMURMAN,1.515.555.0112,2016-03-07 00:00:00,FI_ACCOUNT,7800,,108,100,Accountant,39252
112,Jose Manuel,Urman,JMURMAN,1.515.555.0112,2016-03-07 00:00:00,FI_ACCOUNT,7800,,108,100,Accountant,13285
112,Jose Manuel,Urman,JMURMAN,1.515.555.0112,2016-03-07 00:00:00,FI_ACCOUNT,7800,,108,100,Accountant,25664
112,Jose Manuel,Urman,JMURMAN,1.515.555.0112,2016-03-07 00:00:00,FI_ACCOUNT,7800,,108,100,Accountant,39252
112,Jose Manuel,Urman,JMURMAN,1.515.555.0112,2016-03-07 00:00:00,FI_ACCOUNT,7800,,108,100,Accountant,13285
112,Jose Manuel,Urman,JMURMAN,1.515.555.0112,2016-03-07 00:00:00,FI_ACCOUNT,7800,,108,100,Accountant,25664
112,Jose Manuel,Urman,JMURMAN,1.515.555.0112,2016-03-07 00:00:00,FI_ACCOUNT,7800,,108,100,Accountant,39252
112,Jose Manuel,Urman,JMURMAN,1.515.555.0112,2016-03-07 00:00:00,FI_ACCOUNT,7800,,108,100,Accountant,13285
112,Jose Manuel,Urman,JMURMAN,1.515.555.0112,2016-03-07 00:00:00,FI_ACCOUNT,7800,,108,100,Accountant,25664
112,Jose Manuel,Urman,JMURMAN,1.515.555.0112,2016-03-07 00:00:00,FI_ACCOUNT,7800,,108,100,Accountant,39252
113,Luis,Popp,LPOPP,1.515.555.0113,2017-12-07 00:00:00,FI_ACCOUNT,6900,,108,100,Accountant,13285
113,Luis,Popp,LPOPP,1.515.555.0113,2017-12-07 00:00:00,FI_ACCOUNT,6900,,108,100,Accountant,25664
113,Luis,Popp,LPOPP,1.515.555.0113,2017-12-07 00:00:00,FI_ACCOUNT,6900,,108,100,Accountant,39252
113,Luis,Popp,LPOPP,1.515.555.0113,2017-12-07 00:00:00,FI_ACCOUNT,6900,,108,100,Accountant,13285
113,Luis,Popp,LPOPP,1.515.555.0113,2017-12-07 00:00:00,FI_ACCOUNT,6900,,108,100,Accountant,25664
113,Luis,Popp,LPOPP,1.515.555.0113,2017-12-07 00:00:00,FI_ACCOUNT,6900,,108,100,Accountant,39252
113,Luis,Popp,LPOPP,1.515.555.0113,2017-12-07 00:00:00,FI_ACCOUNT,6900,,108,100,Accountant,13285
113,Luis,Popp,LPOPP,1.515.555.0113,2017-12-07 00:00:00,FI_ACCOUNT,6900,,108,100,Accountant,25664
113,Luis,Popp,LPOPP,1.515.555.0113,2017-12-07 00:00:00,FI_ACCOUNT,6900,,108,100,Accountant,39252
113,Luis,Popp,LPOPP,1.515.555.0113,2017-12-07 00:00:00,FI_ACCOUNT,6900,,108,100,Accountant,13285
113,Luis,Popp,LPOPP,1.515.555.0113,2017-12-07 00:00:00,FI_ACCOUNT,6900,,108,100,Accountant,25664
113,Luis,Popp,LPOPP,1.515.555.0113,2017-12-07 00:00:00,FI_ACCOUNT,6900,,108,100,Accountant,39252
113,Luis,Popp,LPOPP,1.515.555.0113,2017-12-07 00:00:00,FI_ACCOUNT,6900,,108,100,Accountant,13285
113,Luis,Popp,LPOPP,1.515.555.0113,2017-12-07 00:00:00,FI_ACCOUNT,6900,,108,100,Accountant,25664
113,Luis,Popp,LPOPP,1.515.555.0113,2017-12-07 00:00:00,FI_ACCOUNT,6900,,108,100,Accountant,39252
115,Alexander,Khoo,AKHOO,1.515.555.0115,2013-05-18 00:00:00,PU_CLERK,3100,,114,30,Purchasing Clerk,10323
115,Alexander,Khoo,AKHOO,1.515.555.0115,2013-05-18 00:00:00,PU_CLERK,3100,,114,30,Purchasing Clerk,10323
115,Alexander,Khoo,AKHOO,1.515.555.0115,2013-05-18 00:00:00,PU_CLERK,3100,,114,30,Purchasing Clerk,10323
115,Alexander,Khoo,AKHOO,1.515.555.0115,2013-05-18 00:00:00,PU_CLERK,3100,,114,30,Purchasing Clerk,10323
115,Alexander,Khoo,AKHOO,1.515.555.0115,2013-05-18 00:00:00,PU_CLERK,3100,,114,30,Purchasing Clerk,10323
116,Shelli,Baida,SBAIDA,1.515.555.0116,2015-12-24 00:00:00,PU_CLERK,2900,,114,30,Purchasing Clerk,10323
116,Shelli,Baida,SBAIDA,1.515.555.0116,2015-12-24 00:00:00,PU_CLERK,2900,,114,30,Purchasing Clerk,10323
116,Shelli,Baida,SBAIDA,1.515.555.0116,2015-12-24 00:00:00,PU_CLERK,2900,,114,30,Purchasing Clerk,10323
116,Shelli,Baida,SBAIDA,1.515.555.0116,2015-12-24 00:00:00,PU_CLERK,2900,,114,30,Purchasing Clerk,10323
116,Shelli,Baida,SBAIDA,1.515.555.0116,2015-12-24 00:00:00,PU_CLERK,2900,,114,30,Purchasing Clerk,10323
117,Sigal,Tobias,STOBIAS,1.515.555.0117,2015-07-24 00:00:00,PU_CLERK,2800,,114,30,Purchasing Clerk,10323
117,Sigal,Tobias,STOBIAS,1.515.555.0117,2015-07-24 00:00:00,PU_CLERK,2800,,114,30,Purchasing Clerk,10323
117,Sigal,Tobias,STOBIAS,1.515.555.0117,2015-07-24 00:00:00,PU_CLERK,2800,,114,30,Purchasing Clerk,10323
117,Sigal,Tobias,STOBIAS,1.515.555.0117,2015-07-24 00:00:00,PU_CLERK,2800,,114,30,Purchasing Clerk,10323
117,Sigal,Tobias,STOBIAS,1.515.555.0117,2015-07-24 00:00:00,PU_CLERK,2800,,114,30,Purchasing Clerk,10323
118,Guy,Himuro,GHIMURO,1.515.555.0118,2016-11-15 00:00:00,PU_CLERK,2600,,114,30,Purchasing Clerk,10323
118,Guy,Himuro,GHIMURO,1.515.555.0118,2016-11-15 00:00:00,PU_CLERK,2600,,114,30,Purchasing Clerk,10323
118,Guy,Himuro,GHIMURO,1.515.555.0118,2016-11-15 00:00:00,PU_CLERK,2600,,114,30,Purchasing Clerk,10323
118,Guy,Himuro,GHIMURO,1.515.555.0118,2016-11-15 00:00:00,PU_CLERK,2600,,114,30,Purchasing Clerk,10323
118,Guy,Himuro,GHIMURO,1.515.555.0118,2016-11-15 00:00:00,PU_CLERK,2600,,114,30,Purchasing Clerk,10323
119,Karen,Colmenares,KCOLMENA,1.515.555.0119,2017-08-10 00:00:00,PU_CLERK,2500,,114,30,Purchasing Clerk,10323
119,Karen,Colmenares,KCOLMENA,1.515.555.0119,2017-08-10 00:00:00,PU_CLERK,2500,,114,30,Purchasing Clerk,10323
119,Karen,Colmenares,KCOLMENA,1.515.555.0119,2017-08-10 00:00:00,PU_CLERK,2500,,114,30,Purchasing Clerk,10323
119,Karen,Colmenares,KCOLMENA,1.515.555.0119,2017-08-10 00:00:00,PU_CLERK,2500,,114,30,Purchasing Clerk,10323
119,Karen,Colmenares,KCOLMENA,1.515.555.0119,2017-08-10 00:00:00,PU_CLERK,2500,,114,30,Purchasing Clerk,10323
125,Julia,Nayer,JNAYER,1.650.555.0125,2015-07-16 00:00:00,ST_CLERK,3200,,120,50,Stock Clerk,38052
125,Julia,Nayer,JNAYER,1.650.555.0125,2015-07-16 00:00:00,ST_CLERK,3200,,120,50,Stock Clerk,38052
125,Julia,Nayer,JNAYER,1.650.555.0125,2015-07-16 00:00:00,ST_CLERK,3200,,120,50,Stock Clerk,38052
125,Julia,Nayer,JNAYER,1.650.555.0125,2015-07-16 00:00:00,ST_CLERK,3200,,120,50,Stock Clerk,38052
125,Julia,Nayer,JNAYER,1.650.555.0125,2015-07-16 00:00:00,ST_CLERK,3200,,120,50,Stock Clerk,38052
126,Irene,Mikkilineni,IMIKKILI,1.650.555.0126,2016-09-28 00:00:00,ST_CLERK,2700,,120,50,Stock Clerk,38052
126,Irene,Mikkilineni,IMIKKILI,1.650.555.0126,2016-09-28 00:00:00,ST_CLERK,2700,,120,50,Stock Clerk,38052
126,Irene,Mikkilineni,IMIKKILI,1.650.555.0126,2016-09-28 00:00:00,ST_CLERK,2700,,120,50,Stock Clerk,38052
126,Irene,Mikkilineni,IMIKKILI,1.650.555.0126,2016-09-28 00:00:00,ST_CLERK,2700,,120,50,Stock Clerk,38052
126,Irene,Mikkilineni,IMIKKILI,1.650.555.0126,2016-09-28 00:00:00,ST_CLERK,2700,,120,50,Stock Clerk,38052
127,James,Landry,JLANDRY,1.650.555.0127,2017-01-14 00:00:00,ST_CLERK,2400,,120,50,Stock Clerk,38052
127,James,Landry,JLANDRY,1.650.555.0127,2017-01-14 00:00:00,ST_CLERK,2400,,120,50,Stock Clerk,38052
127,James,Landry,JLANDRY,1.650.555.0127,2017-01-14 00:00:00,ST_CLERK,2400,,120,50,Stock Clerk,38052
127,James,Landry,JLANDRY,1.650.555.0127,2017-01-14 00:00:00,ST_CLERK,2400,,120,50,Stock Clerk,38052
127,James,Landry,JLANDRY,1.650.555.0127,2017-01-14 00:00:00,ST_CLERK,2400,,120,50,Stock Clerk,38052
128,Steven,Markle,SMARKLE,1.650.555.0128,2018-03-08 00:00:00,ST_CLERK,2200,,120,50,Stock Clerk,38052
128,Steven,Markle,SMARKLE,1.650.555.0128,2018-03-08 00:00:00,ST_CLERK,2200,,120,50,Stock Clerk,38052
128,Steven,Markle,SMARKLE,1.650.555.0128,2018-03-08 00:00:00,ST_CLERK,2200,,120,50,Stock Clerk,38052
128,Steven,Markle,SMARKLE,1.650.555.0128,2018-03-08 00:00:00,ST_CLERK,2200,,120,50,Stock Clerk,38052
128,Steven,Markle,SMARKLE,1.650.555.0128,2018-03-08 00:00:00,ST_CLERK,2200,,120,50,Stock Clerk,38052
129,Laura,Bissot,LBISSOT,1.650.555.0129,2015-08-20 00:00:00,ST_CLERK,3300,,121,50,Stock Clerk,38052
129,Laura,Bissot,LBISSOT,1.650.555.0129,2015-08-20 00:00:00,ST_CLERK,3300,,121,50,Stock Clerk,38052
129,Laura,Bissot,LBISSOT,1.650.555.0129,2015-08-20 00:00:00,ST_CLERK,3300,,121,50,Stock Clerk,38052
129,Laura,Bissot,LBISSOT,1.650.555.0129,2015-08-20 00:00:00,ST_CLERK,3300,,121,50,Stock Clerk,38052
129,Laura,Bissot,LBISSOT,1.650.555.0129,2015-08-20 00:00:00,ST_CLERK,3300,,121,50,Stock Clerk,38052
130,Mozhe,Atkinson,MATKINSO,1.650.555.0130,2015-10-30 00:00:00,ST_CLERK,2800,,121,50,Stock Clerk,38052
130,Mozhe,Atkinson,MATKINSO,1.650.555.0130,2015-10-30 00:00:00,ST_CLERK,2800,,121,50,Stock Clerk,38052
130,Mozhe,Atkinson,MATKINSO,1.650.555.0130,2015-10-30 00:00:00,ST_CLERK,2800,,121,50,Stock Clerk,38052
130,Mozhe,Atkinson,MATKINSO,1.650.555.0130,2015-10-30 00:00:00,ST_CLERK,2800,,121,50,Stock Clerk,38052
130,Mozhe,Atkinson,MATKINSO,1.650.555.0130,2015-10-30 00:00:00,ST_CLERK,2800,,121,50,Stock Clerk,38052
131,James,Marlow,JAMRLOW,1.650.555.0131,2015-02-16 00:00:00,ST_CLERK,2500,,121,50,Stock Clerk,38052
131,James,Marlow,JAMRLOW,1.650.555.0131,2015-02-16 00:00:00,ST_CLERK,2500,,121,50,Stock Clerk,38052
131,James,Marlow,JAMRLOW,1.650.555.0131,2015-02-16 00:00:00,ST_CLERK,2500,,121,50,Stock Clerk,38052
131,James,Marlow,JAMRLOW,1.650.555.0131,2015-02-16 00:00:00,ST_CLERK,2500,,121,50,Stock Clerk,38052
131,James,Marlow,JAMRLOW,1.650.555.0131,2015-02-16 00:00:00,ST_CLERK,2500,,121,50,Stock Clerk,38052
132,TJ,Olson,TJOLSON,1.650.555.0132,2017-04-10 00:00:00,ST_CLERK,2100,,121,50,Stock Clerk,38052
132,TJ,Olson,TJOLSON,1.650.555.0132,2017-04-10 00:00:00,ST_CLERK,2100,,121,50,Stock Clerk,38052
132,TJ,Olson,TJOLSON,1.650.555.0132,2017-04-10 00:00:00,ST_CLERK,2100,,121,50,Stock Clerk,38052
132,TJ,Olson,TJOLSON,1.650.555.0132,2017-04-10 00:00:00,ST_CLERK,2100,,121,50,Stock Clerk,38052
132,TJ,Olson,TJOLSON,1.650.555.0132,2017-04-10 00:00:00,ST_CLERK,2100,,121,50,Stock Clerk,38052
133,Jason,Mallin,JMALLIN,1.650.555.0133,2014-06-14 00:00:00,ST_CLERK,3300,,122,50,Stock Clerk,38052
133,Jason,Mallin,JMALLIN,1.650.555.0133,2014-06-14 00:00:00,ST_CLERK,3300,,122,50,Stock Clerk,38052
133,Jason,Mallin,JMALLIN,1.650.555.0133,2014-06-14 00:00:00,ST_CLERK,3300,,122,50,Stock Clerk,38052
133,Jason,Mallin,JMALLIN,1.650.555.0133,2014-06-14 00:00:00,ST_CLERK,3300,,122,50,Stock Clerk,38052
133,Jason,Mallin,JMALLIN,1.650.555.0133,2014-06-14 00:00:00,ST_CLERK,3300,,122,50,Stock Clerk,38052
134,Michael,Rogers,MROGERS,1.650.555.0134,2016-08-26 00:00:00,ST_CLERK,2900,,122,50,Stock Clerk,38052
134,Michael,Rogers,MROGERS,1.650.555.0134,2016-08-26 00:00:00,ST_CLERK,2900,,122,50,Stock Clerk,38052
134,Michael,Rogers,MROGERS,1.650.555.0134,2016-08-26 00:00:00,ST_CLERK,2900,,122,50,Stock Clerk,38052
134,Michael,Rogers,MROGERS,1.650.555.0134,2016-08-26 00:00:00,ST_CLERK,2900,,122,50,Stock Clerk,38052
134,Michael,Rogers,MROGERS,1.650.555.0134,2016-08-26 00:00:00,ST_CLERK,2900,,122,50,Stock Clerk,38052
135,Ki,Gee,KGEE,1.650.555.0135,2017-12-12 00:00:00,ST_CLERK,2400,,122,50,Stock Clerk,38052
135,Ki,Gee,KGEE,1.650.555.0135,2017-12-12 00:00:00,ST_CLERK,2400,,122,50,Stock Clerk,38052
135,Ki,Gee,KGEE,1.650.555.0135,2017-12-12 00:00:00,ST_CLERK,2400,,122,50,Stock Clerk,38052
135,Ki,Gee,KGEE,1.650.555.0135,2017-12-12 00:00:00,ST_CLERK,2400,,122,50,Stock Clerk,38052
135,Ki,Gee,KGEE,1.650.555.0135,2017-12-12 00:00:00,ST_CLERK,2400,,122,50,Stock Clerk,38052
136,Hazel,Philtanker,HPHILTAN,1.650.555.0136,2018-02-06 00:00:00,ST_CLERK,2200,,122,50,Stock Clerk,38052
136,Hazel,Philtanker,HPHILTAN,1.650.555.0136,2018-02-06 00:00:00,ST_CLERK,2200,,122,50,Stock Clerk,38052
136,Hazel,Philtanker,HPHILTAN,1.650.555.0136,2018-02-06 00:00:00,ST_CLERK,2200,,122,50,Stock Clerk,38052
136,Hazel,Philtanker,HPHILTAN,1.650.555.0136,2018-02-06 00:00:00,ST_CLERK,2200,,122,50,Stock Clerk,38052
136,Hazel,Philtanker,HPHILTAN,1.650.555.0136,2018-02-06 00:00:00,ST_CLERK,2200,,122,50,Stock Clerk,38052
137,Renske,Ladwig,RLADWIG,1.650.555.0137,2013-07-14 00:00:00,ST_CLERK,3600,,123,50,Stock Clerk,38052
137,Renske,Ladwig,RLADWIG,1.650.555.0137,2013-07-14 00:00:00,ST_CLERK,3600,,123,50,Stock Clerk,38052
137,Renske,Ladwig,RLADWIG,1.650.555.0137,2013-07-14 00:00:00,ST_CLERK,3600,,123,50,Stock Clerk,38052
137,Renske,Ladwig,RLADWIG,1.650.555.0137,2013-07-14 00:00:00,ST_CLERK,3600,,123,50,Stock Clerk,38052
137,Renske,Ladwig,RLADWIG,1.650.555.0137,2013-07-14 00:00:00,ST_CLERK,3600,,123,50,Stock Clerk,38052
138,Stephen,Stiles,SSTILES,1.650.555.0138,2015-10-26 00:00:00,ST_CLERK,3200,,123,50,Stock Clerk,38052
138,Stephen,Stiles,SSTILES,1.650.555.0138,2015-10-26 00:00:00,ST_CLERK,3200,,123,50,Stock Clerk,38052
138,Stephen,Stiles,SSTILES,1.650.555.0138,2015-10-26 00:00:00,ST_CLERK,3200,,123,50,Stock Clerk,38052
138,Stephen,Stiles,SSTILES,1.650.555.0138,2015-10-26 00:00:00,ST_CLERK,3200,,123,50,Stock Clerk,38052
138,Stephen,Stiles,SSTILES,1.650.555.0138,2015-10-26 00:00:00,ST_CLERK,3200,,123,50,Stock Clerk,38052
139,John,Seo,JSEO,1.650.555.0139,2016-02-12 00:00:00,ST_CLERK,2700,,123,50,Stock Clerk,38052
139,John,Seo,JSEO,1.650.555.0139,2016-02-12 00:00:00,ST_CLERK,2700,,123,50,Stock Clerk,38052
139,John,Seo,JSEO,1.650.555.0139,2016-02-12 00:00:00,ST_CLERK,2700,,123,50,Stock Clerk,38052
139,John,Seo,JSEO,1.650.555.0139,2016-02-12 00:00:00,ST_CLERK,2700,,123,50,Stock Clerk,38052
139,John,Seo,JSEO,1.650.555.0139,2016-02-12 00:00:00,ST_CLERK,2700,,123,50,Stock Clerk,38052
140,Joshua,Patel,JPATEL,1.650.555.0140,2016-04-06 00:00:00,ST_CLERK,2500,,123,50,Stock Clerk,38052
140,Joshua,Patel,JPATEL,1.650.555.0140,2016-04-06 00:00:00,ST_CLERK,2500,,123,50,Stock Clerk,38052
140,Joshua,Patel,JPATEL,1.650.555.0140,2016-04-06 00:00:00,ST_CLERK,2500,,123,50,Stock Clerk,38052
140,Joshua,Patel,JPATEL,1.650.555.0140,2016-04-06 00:00:00,ST_CLERK,2500,,123,50,Stock Clerk,38052
140,Joshua,Patel,JPATEL,1.650.555.0140,2016-04-06 00:00:00,ST_CLERK,2500,,123,50,Stock Clerk,38052
141,Trenna,Rajs,TRAJS,1.650.555.0141,2013-10-17 00:00:00,ST_CLERK,3500,,124,50,Stock Clerk,38052
141,Trenna,Rajs,TRAJS,1.650.555.0141,2013-10-17 00:00:00,ST_CLERK,3500,,124,50,Stock Clerk,38052
141,Trenna,Rajs,TRAJS,1.650.555.0141,2013-10-17 00:00:00,ST_CLERK,3500,,124,50,Stock Clerk,38052
141,Trenna,Rajs,TRAJS,1.650.555.0141,2013-10-17 00:00:00,ST_CLERK,3500,,124,50,Stock Clerk,38052
141,Trenna,Rajs,TRAJS,1.650.555.0141,2013-10-17 00:00:00,ST_CLERK,3500,,124,50,Stock Clerk,38052
142,Curtis,Davies,CDAVIES,1.650.555.0142,2015-01-29 00:00:00,ST_CLERK,3100,,124,50,Stock Clerk,38052
142,Curtis,Davies,CDAVIES,1.650.555.0142,2015-01-29 00:00:00,ST_CLERK,3100,,124,50,Stock Clerk,38052
142,Curtis,Davies,CDAVIES,1.650.555.0142,2015-01-29 00:00:00,ST_CLERK,3100,,124,50,Stock Clerk,38052
142,Curtis,Davies,CDAVIES,1.650.555.0142,2015-01-29 00:00:00,ST_CLERK,3100,,124,50,Stock Clerk,38052
142,Curtis,Davies,CDAVIES,1.650.555.0142,2015-01-29 00:00:00,ST_CLERK,3100,,124,50,Stock Clerk,38052
143,Randall,Matos,RMATOS,1.650.555.0143,2016-03-15 00:00:00,ST_CLERK,2600,,124,50,Stock Clerk,38052
143,Randall,Matos,RMATOS,1.650.555.0143,2016-03-15 00:00:00,ST_CLERK,2600,,124,50,Stock Clerk,38052
143,Randall,Matos,RMATOS,1.650.555.0143,2016-03-15 00:00:00,ST_CLERK,2600,,124,50,Stock Clerk,38052
143,Randall,Matos,RMATOS,1.650.555.0143,2016-03-15 00:00:00,ST_CLERK,2600,,124,50,Stock Clerk,38052
143,Randall,Matos,RMATOS,1.650.555.0143,2016-03-15 00:00:00,ST_CLERK,2600,,124,50,Stock Clerk,38052
144,Peter,Vargas,PVARGAS,1.650.555.0144,2016-07-09 00:00:00,ST_CLERK,2500,,124,50,Stock Clerk,38052
144,Peter,Vargas,PVARGAS,1.650.555.0144,2016-07-09 00:00:00,ST_CLERK,2500,,124,50,Stock Clerk,38052
144,Peter,Vargas,PVARGAS,1.650.555.0144,2016-07-09 00:00:00,ST_CLERK,2500,,124,50,Stock Clerk,38052
144,Peter,Vargas,PVARGAS,1.650.555.0144,2016-07-09 00:00:00,ST_CLERK,2500,,124,50,Stock Clerk,38052
144,Peter,Vargas,PVARGAS,1.650.555.0144,2016-07-09 00:00:00,ST_CLERK,2500,,124,50,Stock Clerk,38052
145,John,Singh,JSINGH,44.1632.960000,2014-10-01 00:00:00,SA_MAN,14000,0.4,100,80,Sales Manager,16646
145,John,Singh,JSINGH,44.1632.960000,2014-10-01 00:00:00,SA_MAN,14000,0.4,100,80,Sales Manager,16646
145,John,Singh,JSINGH,44.1632.960000,2014-10-01 00:00:00,SA_MAN,14000,0.4,100,80,Sales Manager,16646
145,John,Singh,JSINGH,44.1632.960000,2014-10-01 00:00:00,SA_MAN,14000,0.4,100,80,Sales Manager,16646
145,John,Singh,JSINGH,44.1632.960000,2014-10-01 00:00:00,SA_MAN,14000,0.4,100,80,Sales Manager,16646
146,Karen,Partners,KPARTNER,44.1632.960001,2015-01-05 00:00:00,SA_MAN,13500,0.3,100,80,Sales Manager,16646
146,Karen,Partners,KPARTNER,44.1632.960001,2015-01-05 00:00:00,SA_MAN,13500,0.3,100,80,Sales Manager,16646
146,Karen,Partners,KPARTNER,44.1632.960001,2015-01-05 00:00:00,SA_MAN,13500,0.3,100,80,Sales Manager,16646
146,Karen,Partners,KPARTNER,44.1632.960001,2015-01-05 00:00:00,SA_MAN,13500,0.3,100,80,Sales Manager,16646
146,Karen,Partners,KPARTNER,44.1632.960001,2015-01-05 00:00:00,SA_MAN,13500,0.3,100,80,Sales Manager,16646
147,Alberto,Errazuriz,AERRAZUR,44.1632.960002,2015-03-10 00:00:00,SA_MAN,12000,0.3,100,80,Sales Manager,16646
147,Alberto,Errazuriz,AERRAZUR,44.1632.960002,2015-03-10 00:00:00,SA_MAN,12000,0.3,100,80,Sales Manager,16646
147,Alberto,Errazuriz,AERRAZUR,44.1632.960002,2015-03-10 00:00:00,SA_MAN,12000,0.3,100,80,Sales Manager,16646
147,Alberto,Errazuriz,AERRAZUR,44.1632.960002,2015-03-10 00:00:00,SA_MAN,12000,0.3,100,80,Sales Manager,16646
147,Alberto,Errazuriz,AERRAZUR,44.1632.960002,2015-03-10 00:00:00,SA_MAN,12000,0.3,100,80,Sales Manager,16646
148,Gerald,Cambrault,GCAMBRAU,44.1632.960003,2017-10-15 00:00:00,SA_MAN,11000,0.3,100,80,Sales Manager,16646
148,Gerald,Cambrault,GCAMBRAU,44.1632.960003,2017-10-15 00:00:00,SA_MAN,11000,0.3,100,80,Sales Manager,16646
148,Gerald,Cambrault,GCAMBRAU,44.1632.960003,2017-10-15 00:00:00,SA_MAN,11000,0.3,100,80,Sales Manager,16646
148,Gerald,Cambrault,GCAMBRAU,44.1632.960003,2017-10-15 00:00:00,SA_MAN,11000,0.3,100,80,Sales Manager,16646
148,Gerald,Cambrault,GCAMBRAU,44.1632.960003,2017-10-15 00:00:00,SA_MAN,11000,0.3,100,80,Sales Manager,16646
149,Eleni,Zlotkey,EZLOTKEY,44.1632.960004,2018-01-29 00:00:00,SA_MAN,10500,0.2,100,80,Sales Manager,16646
149,Eleni,Zlotkey,EZLOTKEY,44.1632.960004,2018-01-29 00:00:00,SA_MAN,10500,0.2,100,80,Sales Manager,16646
149,Eleni,Zlotkey,EZLOTKEY,44.1632.960004,2018-01-29 00:00:00,SA_MAN,10500,0.2,100,80,Sales Manager,16646
149,Eleni,Zlotkey,EZLOTKEY,44.1632.960004,2018-01-29 00:00:00,SA_MAN,10500,0.2,100,80,Sales Manager,16646
149,Eleni,Zlotkey,EZLOTKEY,44.1632.960004,2018-01-29 00:00:00,SA_MAN,10500,0.2,100,80,Sales Manager,16646
150,Sean,Tucker,STUCKER,44.1632.960005,2015-01-30 00:00:00,SA_REP,10000,0.3,145,80,Sales Representative,26972
150,Sean,Tucker,STUCKER,44.1632.960005,2015-01-30 00:00:00,SA_REP,10000,0.3,145,80,Sales Representative,15569
150,Sean,Tucker,STUCKER,44.1632.960005,2015-01-30 00:00:00,SA_REP,10000,0.3,145,80,Sales Representative,10469
150,Sean,Tucker,STUCKER,44.1632.960005,2015-01-30 00:00:00,SA_REP,10000,0.3,145,80,Sales Representative,26972
150,Sean,Tucker,STUCKER,44.1632.960005,2015-01-30 00:00:00,SA_REP,10000,0.3,145,80,Sales Representative,15569
150,Sean,Tucker,STUCKER,44.1632.960005,2015-01-30 00:00:00,SA_REP,10000,0.3,145,80,Sales Representative,10469
150,Sean,Tucker,STUCKER,44.1632.960005,2015-01-30 00:00:00,SA_REP,10000,0.3,145,80,Sales Representative,26972
150,Sean,Tucker,STUCKER,44.1632.960005,2015-01-30 00:00:00,SA_REP,10000,0.3,145,80,Sales Representative,15569
150,Sean,Tucker,STUCKER,44.1632.960005,2015-01-30 00:00:00,SA_REP,10000,0.3,145,80,Sales Representative,10469
150,Sean,Tucker,STUCKER,44.1632.960005,2015-01-30 00:00:00,SA_REP,10000,0.3,145,80,Sales Representative,26972
150,Sean,Tucker,STUCKER,44.1632.960005,2015-01-30 00:00:00,SA_REP,10000,0.3,145,80,Sales Representative,15569
150,Sean,Tucker,STUCKER,44.1632.960005,2015-01-30 00:00:00,SA_REP,10000,0.3,145,80,Sales Representative,10469
150,Sean,Tucker,STUCKER,44.1632.960005,2015-01-30 00:00:00,SA_REP,10000,0.3,145,80,Sales Representative,26972
150,Sean,Tucker,STUCKER,44.1632.960005,2015-01-30 00:00:00,SA_REP,10000,0.3,145,80,Sales Representative,15569
150,Sean,Tucker,STUCKER,44.1632.960005,2015-01-30 00:00:00,SA_REP,10000,0.3,145,80,Sales Representative,10469
151,David,Bernstein,DBERNSTE,44.1632.960006,2015-03-24 00:00:00,SA_REP,9500,0.25,145,80,Sales Representative,26972
151,David,Bernstein,DBERNSTE,44.1632.960006,2015-03-24 00:00:00,SA_REP,9500,0.25,145,80,Sales Representative,15569
151,David,Bernstein,DBERNSTE,44.1632.960006,2015-03-24 00:00:00,SA_REP,9500,0.25,145,80,Sales Representative,10469
151,David,Bernstein,DBERNSTE,44.1632.960006,2015-03-24 00:00:00,SA_REP,9500,0.25,145,80,Sales Representative,26972
151,David,Bernstein,DBERNSTE,44.1632.960006,2015-03-24 00:00:00,SA_REP,9500,0.25,145,80,Sales Representative,15569
151,David,Bernstein,DBERNSTE,44.1632.960006,2015-03-24 00:00:00,SA_REP,9500,0.25,145,80,Sales Representative,10469
151,David,Bernstein,DBERNSTE,44.1632.960006,2015-03-24 00:00:00,SA_REP,9500,0.25,145,80,Sales Representative,26972
151,David,Bernstein,DBERNSTE,44.1632.960006,2015-03-24 00:00:00,SA_REP,9500,0.25,145,80,Sales Representative,15569
151,David,Bernstein,DBERNSTE,44.1632.960006,2015-03-24 00:00:00,SA_REP,9500,0.25,145,80,Sales Representative,10469
151,David,Bernstein,DBERNSTE,44.1632.960006,2015-03-24 00:00:00,SA_REP,9500,0.25,145,80,Sales Representative,26972
151,David,Bernstein,DBERNSTE,44.1632.960006,2015-03-24 00:00:00,SA_REP,9500,0.25,145,80,Sales Representative,15569
151,David,Bernstein,DBERNSTE,44.1632.960006,2015-03-24 00:00:00,SA_REP,9500,0.25,145,80,Sales Representative,10469
151,David,Bernstein,DBERNSTE,44.1632.960006,2015-03-24 00:00:00,SA_REP,9500,0.25,145,80,Sales Representative,26972
151,David,Bernstein,DBERNSTE,44.1632.960006,2015-03-24 00:00:00,SA_REP,9500,0.25,145,80,Sales Representative,15569
151,David,Bernstein,DBERNSTE,44.1632.960006,2015-03-24 00:00:00,SA_REP,9500,0.25,145,80,Sales Representative,10469
152,Peter,Hall,PHALL,44.1632.960007,2015-08-20 00:00:00,SA_REP,9000,0.25,145,80,Sales Representative,26972
152,Peter,Hall,PHALL,44.1632.960007,2015-08-20 00:00:00,SA_REP,9000,0.25,145,80,Sales Representative,15569
152,Peter,Hall,PHALL,44.1632.960007,2015-08-20 00:00:00,SA_REP,9000,0.25,145,80,Sales Representative,10469
152,Peter,Hall,PHALL,44.1632.960007,2015-08-20 00:00:00,SA_REP,9000,0.25,145,80,Sales Representative,26972
152,Peter,Hall,PHALL,44.1632.960007,2015-08-20 00:00:00,SA_REP,9000,0.25,145,80,Sales Representative,15569
152,Peter,Hall,PHALL,44.1632.960007,2015-08-20 00:00:00,SA_REP,9000,0.25,145,80,Sales Representative,10469
152,Peter,Hall,PHALL,44.1632.960007,2015-08-20 00:00:00,SA_REP,9000,0.25,145,80,Sales Representative,26972
152,Peter,Hall,PHALL,44.1632.960007,2015-08-20 00:00:00,SA_REP,9000,0.25,145,80,Sales Representative,15569
152,Peter,Hall,PHALL,44.1632.960007,2015-08-20 00:00:00,SA_REP,9000,0.25,145,80,Sales Representative,10469
152,Peter,Hall,PHALL,44.1632.960007,2015-08-20 00:00:00,SA_REP,9000,0.25,145,80,Sales Representative,26972
152,Peter,Hall,PHALL,44.1632.960007,2015-08-20 00:00:00,SA_REP,9000,0.25,145,80,Sales Representative,15569
152,Peter,Hall,PHALL,44.1632.960007,2015-08-20 00:00:00,SA_REP,9000,0.25,145,80,Sales Representative,10469
152,Peter,Hall,PHALL,44.1632.960007,2015-08-20 00:00:00,SA_REP,9000,0.25,145,80,Sales Representative,26972
152,Peter,Hall,PHALL,44.1632.960007,2015-08-20 00:00:00,SA_REP,9000,0.25,145,80,Sales Representative,15569
152,Peter,Hall,PHALL,44.1632.960007,2015-08-20 00:00:00,SA_REP,9000,0.25,145,80,Sales Representative,10469
153,Christopher,Olsen,COLSEN,44.1632.960008,2016-03-30 00:00:00,SA_REP,8000,0.2,145,80,Sales Representative,26972
153,Christopher,Olsen,COLSEN,44.1632.960008,2016-03-30 00:00:00,SA_REP,8000,0.2,145,80,Sales Representative,15569
153,Christopher,Olsen,COLSEN,44.1632.960008,2016-03-30 00:00:00,SA_REP,8000,0.2,145,80,Sales Representative,10469
153,Christopher,Olsen,COLSEN,44.1632.960008,2016-03-30 00:00:00,SA_REP,8000,0.2,145,80,Sales Representative,26972
153,Christopher,Olsen,COLSEN,44.1632.960008,2016-03-30 00:00:00,SA_REP,8000,0.2,145,80,Sales Representative,15569
153,Christopher,Olsen,COLSEN,44.1632.960008,2016-03-30 00:00:00,SA_REP,8000,0.2,145,80,Sales Representative,10469
153,Christopher,Olsen,COLSEN,44.1632.960008,2016-03-30 00:00:00,SA_REP,8000,0.2,145,80,Sales Representative,26972
153,Christopher,Olsen,COLSEN,44.1632.960008,2016-03-30 00:00:00,SA_REP,8000,0.2,145,80,Sales Representative,15569
153,Christopher,Olsen,COLSEN,44.1632.960008,2016-03-30 00:00:00,SA_REP,8000,0.2,145,80,Sales Representative,10469
153,Christopher,Olsen,COLSEN,44.1632.960008,2016-03-30 00:00:00,SA_REP,8000,0.2,145,80,Sales Representative,26972
153,Christopher,Olsen,COLSEN,44.1632.960008,2016-03-30 00:00:00,SA_REP,8000,0.2,145,80,Sales Representative,15569
153,Christopher,Olsen,COLSEN,44.1632.960008,2016-03-30 00:00:00,SA_REP,8000,0.2,145,80,Sales Representative,10469
153,Christopher,Olsen,COLSEN,44.1632.960008,2016-03-30 00:00:00,SA_REP,8000,0.2,145,80,Sales Representative,26972
153,Christopher,Olsen,COLSEN,44.1632.960008,2016-03-30 00:00:00,SA_REP,8000,0.2,145,80,Sales Representative,15569
153,Christopher,Olsen,COLSEN,44.1632.960008,2016-03-30 00:00:00,SA_REP,8000,0.2,145,80,Sales Representative,10469
154,Nanette,Cambrault,NCAMBRAU,44.1632.960009,2016-12-09 00:00:00,SA_REP,7500,0.2,145,80,Sales Representative,26972
154,Nanette,Cambrault,NCAMBRAU,44.1632.960009,2016-12-09 00:00:00,SA_REP,7500,0.2,145,80,Sales Representative,15569
154,Nanette,Cambrault,NCAMBRAU,44.1632.960009,2016-12-09 00:00:00,SA_REP,7500,0.2,145,80,Sales Representative,10469
154,Nanette,Cambrault,NCAMBRAU,44.1632.960009,2016-12-09 00:00:00,SA_REP,7500,0.2,145,80,Sales Representative,26972
154,Nanette,Cambrault,NCAMBRAU,44.1632.960009,2016-12-09 00:00:00,SA_REP,7500,0.2,145,80,Sales Representative,15569
154,Nanette,Cambrault,NCAMBRAU,44.1632.960009,2016-12-09 00:00:00,SA_REP,7500,0.2,145,80,Sales Representative,10469
154,Nanette,Cambrault,NCAMBRAU,44.1632.960009,2016-12-09 00:00:00,SA_REP,7500,0.2,145,80,Sales Representative,26972
154,Nanette,Cambrault,NCAMBRAU,44.1632.960009,2016-12-09 00:00:00,SA_REP,7500,0.2,145,80,Sales Representative,15569
154,Nanette,Cambrault,NCAMBRAU,44.1632.960009,2016-12-09 00:00:00,SA_REP,7500,0.2,145,80,Sales Representative,10469
154,Nanette,Cambrault,NCAMBRAU,44.1632.960009,2016-12-09 00:00:00,SA_REP,7500,0.2,145,80,Sales Representative,26972
154,Nanette,Cambrault,NCAMBRAU,44.1632.960009,2016-12-09 00:00:00,SA_REP,7500,0.2,145,80,Sales Representative,15569
154,Nanette,Cambrault,NCAMBRAU,44.1632.960009,2016-12-09 00:00:00,SA_REP,7500,0.2,145,80,Sales Representative,10469
154,Nanette,Cambrault,NCAMBRAU,44.1632.960009,2016-12-09 00:00:00,SA_REP,7500,0.2,145,80,Sales Representative,26972
154,Nanette,Cambrault,NCAMBRAU,44.1632.960009,2016-12-09 00:00:00,SA_REP,7500,0.2,145,80,Sales Representative,15569
154,Nanette,Cambrault,NCAMBRAU,44.1632.960009,2016-12-09 00:00:00,SA_REP,7500,0.2,145,80,Sales Representative,10469
155,Oliver,Tuvault,OTUVAULT,44.1632.960010,2017-11-23 00:00:00,SA_REP,7000,0.15,145,80,Sales Representative,26972
155,Oliver,Tuvault,OTUVAULT,44.1632.960010,2017-11-23 00:00:00,SA_REP,7000,0.15,145,80,Sales Representative,15569
155,Oliver,Tuvault,OTUVAULT,44.1632.960010,2017-11-23 00:00:00,SA_REP,7000,0.15,145,80,Sales Representative,10469
155,Oliver,Tuvault,OTUVAULT,44.1632.960010,2017-11-23 00:00:00,SA_REP,7000,0.15,145,80,Sales Representative,26972
155,Oliver,Tuvault,OTUVAULT,44.1632.960010,2017-11-23 00:00:00,SA_REP,7000,0.15,145,80,Sales Representative,15569
155,Oliver,Tuvault,OTUVAULT,44.1632.960010,2017-11-23 00:00:00,SA_REP,7000,0.15,145,80,Sales Representative,10469
155,Oliver,Tuvault,OTUVAULT,44.1632.960010,2017-11-23 00:00:00,SA_REP,7000,0.15,145,80,Sales Representative,26972
155,Oliver,Tuvault,OTUVAULT,44.1632.960010,2017-11-23 00:00:00,SA_REP,7000,0.15,145,80,Sales Representative,15569
155,Oliver,Tuvault,OTUVAULT,44.1632.960010,2017-11-23 00:00:00,SA_REP,7000,0.15,145,80,Sales Representative,10469
155,Oliver,Tuvault,OTUVAULT,44.1632.960010,2017-11-23 00:00:00,SA_REP,7000,0.15,145,80,Sales Representative,26972
155,Oliver,Tuvault,OTUVAULT,44.1632.960010,2017-11-23 00:00:00,SA_REP,7000,0.15,145,80,Sales Representative,15569
155,Oliver,Tuvault,OTUVAULT,44.1632.960010,2017-11-23 00:00:00,SA_REP,7000,0.15,145,80,Sales Representative,10469
155,Oliver,Tuvault,OTUVAULT,44.1632.960010,2017-11-23 00:00:00,SA_REP,7000,0.15,145,80,Sales Representative,26972
155,Oliver,Tuvault,OTUVAULT,44.1632.960010,2017-11-23 00:00:00,SA_REP,7000,0.15,145,80,Sales Representative,15569
155,Oliver,Tuvault,OTUVAULT,44.1632.960010,2017-11-23 00:00:00,SA_REP,7000,0.15,145,80,Sales Representative,10469
156,Janette,King,JKING,44.1632.960011,2014-01-30 00:00:00,SA_REP,10000,0.35,146,80,Sales Representative,26972
156,Janette,King,JKING,44.1632.960011,2014-01-30 00:00:00,SA_REP,10000,0.35,146,80,Sales Representative,15569
156,Janette,King,JKING,44.1632.960011,2014-01-30 00:00:00,SA_REP,10000,0.35,146,80,Sales Representative,10469
156,Janette,King,JKING,44.1632.960011,2014-01-30 00:00:00,SA_REP,10000,0.35,146,80,Sales Representative,26972
156,Janette,King,JKING,44.1632.960011,2014-01-30 00:00:00,SA_REP,10000,0.35,146,80,Sales Representative,15569
156,Janette,King,JKING,44.1632.960011,2014-01-30 00:00:00,SA_REP,10000,0.35,146,80,Sales Representative,10469
156,Janette,King,JKING,44.1632.960011,2014-01-30 00:00:00,SA_REP,10000,0.35,146,80,Sales Representative,26972
156,Janette,King,JKING,44.1632.960011,2014-01-30 00:00:00,SA_REP,10000,0.35,146,80,Sales Representative,15569
156,Janette,King,JKING,44.1632.960011,2014-01-30 00:00:00,SA_REP,10000,0.35,146,80,Sales Representative,10469
156,Janette,King,JKING,44.1632.960011,2014-01-30 00:00:00,SA_REP,10000,0.35,146,80,Sales Representative,26972
156,Janette,King,JKING,44.1632.960011,2014-01-30 00:00:00,SA_REP,10000,0.35,146,80,Sales Representative,15569
156,Janette,King,JKING,44.1632.960011,2014-01-30 00:00:00,SA_REP,10000,0.35,146,80,Sales Representative,10469
156,Janette,King,JKING,44.1632.960011,2014-01-30 00:00:00,SA_REP,10000,0.35,146,80,Sales Representative,26972
156,Janette,King,JKING,44.1632.960011,2014-01-30 00:00:00,SA_REP,10000,0.35,146,80,Sales Representative,15569
156,Janette,King,JKING,44.1632.960011,2014-01-30 00:00:00,SA_REP,10000,0.35,146,80,Sales Representative,10469
157,Patrick,Sully,PSULLY,44.1632.960012,2014-03-04 00:00:00,SA_REP,9500,0.35,146,80,Sales Representative,26972
157,Patrick,Sully,PSULLY,44.1632.960012,2014-03-04 00:00:00,SA_REP,9500,0.35,146,80,Sales Representative,15569
157,Patrick,Sully,PSULLY,44.1632.960012,2014-03-04 00:00:00,SA_REP,9500,0.35,146,80,Sales Representative,10469
157,Patrick,Sully,PSULLY,44.1632.960012,2014-03-04 00:00:00,SA_REP,9500,0.35,146,80,Sales Representative,26972
157,Patrick,Sully,PSULLY,44.1632.960012,2014-03-04 00:00:00,SA_REP,9500,0.35,146,80,Sales Representative,15569
157,Patrick,Sully,PSULLY,44.1632.960012,2014-03-04 00:00:00,SA_REP,9500,0.35,146,80,Sales Representative,10469
157,Patrick,Sully,PSULLY,44.1632.960012,2014-03-04 00:00:00,SA_REP,9500,0.35,146,80,Sales Representative,26972
157,Patrick,Sully,PSULLY,44.1632.960012,2014-03-04 00:00:00,SA_REP,9500,0.35,146,80,Sales Representative,15569
157,Patrick,Sully,PSULLY,44.1632.960012,2014-03-04 00:00:00,SA_REP,9500,0.35,146,80,Sales Representative,10469
157,Patrick,Sully,PSULLY,44.1632.960012,2014-03-04 00:00:00,SA_REP,9500,0.35,146,80,Sales Representative,26972
157,Patrick,Sully,PSULLY,44.1632.960012,2014-03-04 00:00:00,SA_REP,9500,0.35,146,80,Sales Representative,15569
157,Patrick,Sully,PSULLY,44.1632.960012,2014-03-04 00:00:00,SA_REP,9500,0.35,146,80,Sales Representative,10469
157,Patrick,Sully,PSULLY,44.1632.960012,2014-03-04 00:00:00,SA_REP,9500,0.35,146,80,Sales Representative,26972
157,Patrick,Sully,PSULLY,44.1632.960012,2014-03-04 00:00:00,SA_REP,9500,0.35,146,80,Sales Representative,15569
157,Patrick,Sully,PSULLY,44.1632.960012,2014-03-04 00:00:00,SA_REP,9500,0.35,146,80,Sales Representative,10469
158,Allan,McEwen,AMCEWEN,44.1632.960013,2014-08-01 00:00:00,SA_REP,9000,0.35,146,80,Sales Representative,26972
158,Allan,McEwen,AMCEWEN,44.1632.960013,2014-08-01 00:00:00,SA_REP,9000,0.35,146,80,Sales Representative,15569
158,Allan,McEwen,AMCEWEN,44.1632.960013,2014-08-01 00:00:00,SA_REP,9000,0.35,146,80,Sales Representative,10469
158,Allan,McEwen,AMCEWEN,44.1632.960013,2014-08-01 00:00:00,SA_REP,9000,0.35,146,80,Sales Representative,26972
158,Allan,McEwen,AMCEWEN,44.1632.960013,2014-08-01 00:00:00,SA_REP,9000,0.35,146,80,Sales Representative,15569
158,Allan,McEwen,AMCEWEN,44.1632.960013,2014-08-01 00:00:00,SA_REP,9000,0.35,146,80,Sales Representative,10469
158,Allan,McEwen,AMCEWEN,44.1632.960013,2014-08-01 00:00:00,SA_REP,9000,0.35,146,80,Sales Representative,26972
158,Allan,McEwen,AMCEWEN,44.1632.960013,2014-08-01 00:00:00,SA_REP,9000,0.35,146,80,Sales Representative,15569
158,Allan,McEwen,AMCEWEN,44.1632.960013,2014-08-01 00:00:00,SA_REP,9000,0.35,146,80,Sales Representative,10469
158,Allan,McEwen,AMCEWEN,44.1632.960013,2014-08-01 00:00:00,SA_REP,9000,0.35,146,80,Sales Representative,26972
158,Allan,McEwen,AMCEWEN,44.1632.960013,2014-08-01 00:00:00,SA_REP,9000,0.35,146,80,Sales Representative,15569
158,Allan,McEwen,AMCEWEN,44.1632.960013,2014-08-01 00:00:00,SA_REP,9000,0.35,146,80,Sales Representative,10469
158,Allan,McEwen,AMCEWEN,44.1632.960013,2014-08-01 00:00:00,SA_REP,9000,0.35,146,80,Sales Representative,26972
158,Allan,McEwen,AMCEWEN,44.1632.960013,2014-08-01 00:00:00,SA_REP,9000,0.35,146,80,Sales Representative,15569
158,Allan,McEwen,AMCEWEN,44.1632.960013,2014-08-01 00:00:00,SA_REP,9000,0.35,146,80,Sales Representative,10469
159,Lindsey,Smith,LSMITH,44.1632.960014,2015-03-10 00:00:00,SA_REP,8000,0.3,146,80,Sales Representative,26972
159,Lindsey,Smith,LSMITH,44.1632.960014,2015-03-10 00:00:00,SA_REP,8000,0.3,146,80,Sales Representative,15569
159,Lindsey,Smith,LSMITH,44.1632.960014,2015-03-10 00:00:00,SA_REP,8000,0.3,146,80,Sales Representative,10469
159,Lindsey,Smith,LSMITH,44.1632.960014,2015-03-10 00:00:00,SA_REP,8000,0.3,146,80,Sales Representative,26972
159,Lindsey,Smith,LSMITH,44.1632.960014,2015-03-10 00:00:00,SA_REP,8000,0.3,146,80,Sales Representative,15569
159,Lindsey,Smith,LSMITH,44.1632.960014,2015-03-10 00:00:00,SA_REP,8000,0.3,146,80,Sales Representative,10469
159,Lindsey,Smith,LSMITH,44.1632.960014,2015-03-10 00:00:00,SA_REP,8000,0.3,146,80,Sales Representative,26972
159,Lindsey,Smith,LSMITH,44.1632.960014,2015-03-10 00:00:00,SA_REP,8000,0.3,146,80,Sales Representative,15569
159,Lindsey,Smith,LSMITH,44.1632.960014,2015-03-10 00:00:00,SA_REP,8000,0.3,146,80,Sales Representative,10469
159,Lindsey,Smith,LSMITH,44.1632.960014,2015-03-10 00:00:00,SA_REP,8000,0.3,146,80,Sales Representative,26972
159,Lindsey,Smith,LSMITH,44.1632.960014,2015-03-10 00:00:00,SA_REP,8000,0.3,146,80,Sales Representative,15569
159,Lindsey,Smith,LSMITH,44.1632.960014,2015-03-10 00:00:00,SA_REP,8000,0.3,146,80,Sales Representative,10469
159,Lindsey,Smith,LSMITH,44.1632.960014,2015-03-10 00:00:00,SA_REP,8000,0.3,146,80,Sales Representative,26972
159,Lindsey,Smith,LSMITH,44.1632.960014,2015-03-10 00:00:00,SA_REP,8000,0.3,146,80,Sales Representative,15569
159,Lindsey,Smith,LSMITH,44.1632.960014,2015-03-10 00:00:00,SA_REP,8000,0.3,146,80,Sales Representative,10469
160,Louise,Doran,LDORAN,44.1632.960015,2015-12-15 00:00:00,SA_REP,7500,0.3,146,80,Sales Representative,26972
160,Louise,Doran,LDORAN,44.1632.960015,2015-12-15 00:00:00,SA_REP,7500,0.3,146,80,Sales Representative,15569
160,Louise,Doran,LDORAN,44.1632.960015,2015-12-15 00:00:00,SA_REP,7500,0.3,146,80,Sales Representative,10469
160,Louise,Doran,LDORAN,44.1632.960015,2015-12-15 00:00:00,SA_REP,7500,0.3,146,80,Sales Representative,26972
160,Louise,Doran,LDORAN,44.1632.960015,2015-12-15 00:00:00,SA_REP,7500,0.3,146,80,Sales Representative,15569
160,Louise,Doran,LDORAN,44.1632.960015,2015-12-15 00:00:00,SA_REP,7500,0.3,146,80,Sales Representative,10469
160,Louise,Doran,LDORAN,44.1632.960015,2015-12-15 00:00:00,SA_REP,7500,0.3,146,80,Sales Representative,26972
160,Louise,Doran,LDORAN,44.1632.960015,2015-12-15 00:00:00,SA_REP,7500,0.3,146,80,Sales Representative,15569
160,Louise,Doran,LDORAN,44.1632.960015,2015-12-15 00:00:00,SA_REP,7500,0.3,146,80,Sales Representative,10469
160,Louise,Doran,LDORAN,44.1632.960015,2015-12-15 00:00:00,SA_REP,7500,0.3,146,80,Sales Representative,26972
160,Louise,Doran,LDORAN,44.1632.960015,2015-12-15 00:00:00,SA_REP,7500,0.3,146,80,Sales Representative,15569
160,Louise,Doran,LDORAN,44.1632.960015,2015-12-15 00:00:00,SA_REP,7500,0.3,146,80,Sales Representative,10469
160,Louise,Doran,LDORAN,44.1632.960015,2015-12-15 00:00:00,SA_REP,7500,0.3,146,80,Sales Representative,26972
160,Louise,Doran,LDORAN,44.1632.960015,2015-12-15 00:00:00,SA_REP,7500,0.3,146,80,Sales Representative,15569
160,Louise,Doran,LDORAN,44.1632.960015,2015-12-15 00:00:00,SA_REP,7500,0.3,146,80,Sales Representative,10469
161,Sarath,Sewall,SSEWALL,44.1632.960016,2016-11-03 00:00:00,SA_REP,7000,0.25,146,80,Sales Representative,26972
161,Sarath,Sewall,SSEWALL,44.1632.960016,2016-11-03 00:00:00,SA_REP,7000,0.25,146,80,Sales Representative,15569
161,Sarath,Sewall,SSEWALL,44.1632.960016,2016-11-03 00:00:00,SA_REP,7000,0.25,146,80,Sales Representative,10469
161,Sarath,Sewall,SSEWALL,44.1632.960016,2016-11-03 00:00:00,SA_REP,7000,0.25,146,80,Sales Representative,26972
161,Sarath,Sewall,SSEWALL,44.1632.960016,2016-11-03 00:00:00,SA_REP,7000,0.25,146,80,Sales Representative,15569
161,Sarath,Sewall,SSEWALL,44.1632.960016,2016-11-03 00:00:00,SA_REP,7000,0.25,146,80,Sales Representative,10469
161,Sarath,Sewall,SSEWALL,44.1632.960016,2016-11-03 00:00:00,SA_REP,7000,0.25,146,80,Sales Representative,26972
161,Sarath,Sewall,SSEWALL,44.1632.960016,2016-11-03 00:00:00,SA_REP,7000,0.25,146,80,Sales Representative,15569
161,Sarath,Sewall,SSEWALL,44.1632.960016,2016-11-03 00:00:00,SA_REP,7000,0.25,146,80,Sales Representative,10469
161,Sarath,Sewall,SSEWALL,44.1632.960016,2016-11-03 00:00:00,SA_REP,7000,0.25,146,80,Sales Representative,26972
161,Sarath,Sewall,SSEWALL,44.1632.960016,2016-11-03 00:00:00,SA_REP,7000,0.25,146,80,Sales Representative,15569
161,Sarath,Sewall,SSEWALL,44.1632.960016,2016-11-03 00:00:00,SA_REP,7000,0.25,146,80,Sales Representative,10469
161,Sarath,Sewall,SSEWALL,44.1632.960016,2016-11-03 00:00:00,SA_REP,7000,0.25,146,80,Sales Representative,26972
161,Sarath,Sewall,SSEWALL,44.1632.960016,2016-11-03 00:00:00,SA_REP,7000,0.25,146,80,Sales Representative,15569
161,Sarath,Sewall,SSEWALL,44.1632.960016,2016-11-03 00:00:00,SA_REP,7000,0.25,146,80,Sales Representative,10469
162,Clara,Vishney,CVISHNEY,44.1632.960017,2015-11-11 00:00:00,SA_REP,10500,0.25,147,80,Sales Representative,26972
162,Clara,Vishney,CVISHNEY,44.1632.960017,2015-11-11 00:00:00,SA_REP,10500,0.25,147,80,Sales Representative,15569
162,Clara,Vishney,CVISHNEY,44.1632.960017,2015-11-11 00:00:00,SA_REP,10500,0.25,147,80,Sales Representative,10469
162,Clara,Vishney,CVISHNEY,44.1632.960017,2015-11-11 00:00:00,SA_REP,10500,0.25,147,80,Sales Representative,26972
162,Clara,Vishney,CVISHNEY,44.1632.960017,2015-11-11 00:00:00,SA_REP,10500,0.25,147,80,Sales Representative,15569
162,Clara,Vishney,CVISHNEY,44.1632.960017,2015-11-11 00:00:00,SA_REP,10500,0.25,147,80,Sales Representative,10469
162,Clara,Vishney,CVISHNEY,44.1632.960017,2015-11-11 00:00:00,SA_REP,10500,0.25,147,80,Sales Representative,26972
162,Clara,Vishney,CVISHNEY,44.1632.960017,2015-11-11 00:00:00,SA_REP,10500,0.25,147,80,Sales Representative,15569
162,Clara,Vishney,CVISHNEY,44.1632.960017,2015-11-11 00:00:00,SA_REP,10500,0.25,147,80,Sales Representative,10469
162,Clara,Vishney,CVISHNEY,44.1632.960017,2015-11-11 00:00:00,SA_REP,10500,0.25,147,80,Sales Representative,26972
162,Clara,Vishney,CVISHNEY,44.1632.960017,2015-11-11 00:00:00,SA_REP,10500,0.25,147,80,Sales Representative,15569
162,Clara,Vishney,CVISHNEY,44.1632.960017,2015-11-11 00:00:00,SA_REP,10500,0.25,147,80,Sales Representative,10469
162,Clara,Vishney,CVISHNEY,44.1632.960017,2015-11-11 00:00:00,SA_REP,10500,0.25,147,80,Sales Representative,26972
162,Clara,Vishney,CVISHNEY,44.1632.960017,2015-11-11 00:00:00,SA_REP,10500,0.25,147,80,Sales Representative,15569
162,Clara,Vishney,CVISHNEY,44.1632.960017,2015-11-11 00:00:00,SA_REP,10500,0.25,147,80,Sales Representative,10469
163,Danielle,Greene,DGREENE,44.1632.960018,2017-03-19 00:00:00,SA_REP,9500,0.15,147,80,Sales Representative,26972
163,Danielle,Greene,DGREENE,44.1632.960018,2017-03-19 00:00:00,SA_REP,9500,0.15,147,80,Sales Representative,15569
163,Danielle,Greene,DGREENE,44.1632.960018,2017-03-19 00:00:00,SA_REP,9500,0.15,147,80,Sales Representative,10469
163,Danielle,Greene,DGREENE,44.1632.960018,2017-03-19 00:00:00,SA_REP,9500,0.15,147,80,Sales Representative,26972
163,Danielle,Greene,DGREENE,44.1632.960018,2017-03-19 00:00:00,SA_REP,9500,0.15,147,80,Sales Representative,15569
163,Danielle,Greene,DGREENE,44.1632.960018,2017-03-19 00:00:00,SA_REP,9500,0.15,147,80,Sales Representative,10469
163,Danielle,Greene,DGREENE,44.1632.960018,2017-03-19 00:00:00,SA_REP,9500,0.15,147,80,Sales Representative,26972
163,Danielle,Greene,DGREENE,44.1632.960018,2017-03-19 00:00:00,SA_REP,9500,0.15,147,80,Sales Representative,15569
163,Danielle,Greene,DGREENE,44.1632.960018,2017-03-19 00:00:00,SA_REP,9500,0.15,147,80,Sales Representative,10469
163,Danielle,Greene,DGREENE,44.1632.960018,2017-03-19 00:00:00,SA_REP,9500,0.15,147,80,Sales Representative,26972
163,Danielle,Greene,DGREENE,44.1632.960018,2017-03-19 00:00:00,SA_REP,9500,0.15,147,80,Sales Representative,15569
163,Danielle,Greene,DGREENE,44.1632.960018,2017-03-19 00:00:00,SA_REP,9500,0.15,147,80,Sales Representative,10469
163,Danielle,Greene,DGREENE,44.1632.960018,2017-03-19 00:00:00,SA_REP,9500,0.15,147,80,Sales Representative,26972
163,Danielle,Greene,DGREENE,44.1632.960018,2017-03-19 00:00:00,SA_REP,9500,0.15,147,80,Sales Representative,15569
163,Danielle,Greene,DGREENE,44.1632.960018,2017-03-19 00:00:00,SA_REP,9500,0.15,147,80,Sales Representative,10469
164,Mattea,Marvins,MMARVINS,44.1632.960019,2018-01-24 00:00:00,SA_REP,7200,0.1,147,80,Sales Representative,26972
164,Mattea,Marvins,MMARVINS,44.1632.960019,2018-01-24 00:00:00,SA_REP,7200,0.1,147,80,Sales Representative,15569
164,Mattea,Marvins,MMARVINS,44.1632.960019,2018-01-24 00:00:00,SA_REP,7200,0.1,147,80,Sales Representative,10469
164,Mattea,Marvins,MMARVINS,44.1632.960019,2018-01-24 00:00:00,SA_REP,7200,0.1,147,80,Sales Representative,26972
164,Mattea,Marvins,MMARVINS,44.1632.960019,2018-01-24 00:00:00,SA_REP,7200,0.1,147,80,Sales Representative,15569
164,Mattea,Marvins,MMARVINS,44.1632.960019,2018-01-24 00:00:00,SA_REP,7200,0.1,147,80,Sales Representative,10469
164,Mattea,Marvins,MMARVINS,44.1632.960019,2018-01-24 00:00:00,SA_REP,7200,0.1,147,80,Sales Representative,26972
164,Mattea,Marvins,MMARVINS,44.1632.960019,2018-01-24 00:00:00,SA_REP,7200,0.1,147,80,Sales Representative,15569
164,Mattea,Marvins,MMARVINS,44.1632.960019,2018-01-24 00:00:00,SA_REP,7200,0.1,147,80,Sales Representative,10469
164,Mattea,Marvins,MMARVINS,44.1632.960019,2018-01-24 00:00:00,SA_REP,7200,0.1,147,80,Sales Representative,26972
164,Mattea,Marvins,MMARVINS,44.1632.960019,2018-01-24 00:00:00,SA_REP,7200,0.1,147,80,Sales Representative,15569
164,Mattea,Marvins,MMARVINS,44.1632.960019,2018-01-24 00:00:00,SA_REP,7200,0.1,147,80,Sales Representative,10469
164,Mattea,Marvins,MMARVINS,44.1632.960019,2018-01-24 00:00:00,SA_REP,7200,0.1,147,80,Sales Representative,26972
164,Mattea,Marvins,MMARVINS,44.1632.960019,2018-01-24 00:00:00,SA_REP,7200,0.1,147,80,Sales Representative,15569
164,Mattea,Marvins,MMARVINS,44.1632.960019,2018-01-24 00:00:00,SA_REP,7200,0.1,147,80,Sales Representative,10469
165,David,Lee,DLEE,44.1632.960020,2018-02-23 00:00:00,SA_REP,6800,0.1,147,80,Sales Representative,26972
165,David,Lee,DLEE,44.1632.960020,2018-02-23 00:00:00,SA_REP,6800,0.1,147,80,Sales Representative,15569
165,David,Lee,DLEE,44.1632.960020,2018-02-23 00:00:00,SA_REP,6800,0.1,147,80,Sales Representative,10469
165,David,Lee,DLEE,44.1632.960020,2018-02-23 00:00:00,SA_REP,6800,0.1,147,80,Sales Representative,26972
165,David,Lee,DLEE,44.1632.960020,2018-02-23 00:00:00,SA_REP,6800,0.1,147,80,Sales Representative,15569
165,David,Lee,DLEE,44.1632.960020,2018-02-23 00:00:00,SA_REP,6800,0.1,147,80,Sales Representative,10469
165,David,Lee,DLEE,44.1632.960020,2018-02-23 00:00:00,SA_REP,6800,0.1,147,80,Sales Representative,26972
165,David,Lee,DLEE,44.1632.960020,2018-02-23 00:00:00,SA_REP,6800,0.1,147,80,Sales Representative,15569
165,David,Lee,DLEE,44.1632.960020,2018-02-23 00:00:00,SA_REP,6800,0.1,147,80,Sales Representative,10469
165,David,Lee,DLEE,44.1632.960020,2018-02-23 00:00:00,SA_REP,6800,0.1,147,80,Sales Representative,26972
165,David,Lee,DLEE,44.1632.960020,2018-02-23 00:00:00,SA_REP,6800,0.1,147,80,Sales Representative,15569
165,David,Lee,DLEE,44.1632.960020,2018-02-23 00:00:00,SA_REP,6800,0.1,147,80,Sales Representative,10469
165,David,Lee,DLEE,44.1632.960020,2018-02-23 00:00:00,SA_REP,6800,0.1,147,80,Sales Representative,26972
165,David,Lee,DLEE,44.1632.960020,2018-02-23 00:00:00,SA_REP,6800,0.1,147,80,Sales Representative,15569
165,David,Lee,DLEE,44.1632.960020,2018-02-23 00:00:00,SA_REP,6800,0.1,147,80,Sales Representative,10469
166,Sundar,Ande,SANDE,44.1632.960021,2018-03-24 00:00:00,SA_REP,6400,0.1,147,80,Sales Representative,26972
166,Sundar,Ande,SANDE,44.1632.960021,2018-03-24 00:00:00,SA_REP,6400,0.1,147,80,Sales Representative,15569
166,Sundar,Ande,SANDE,44.1632.960021,2018-03-24 00:00:00,SA_REP,6400,0.1,147,80,Sales Representative,10469
166,Sundar,Ande,SANDE,44.1632.960021,2018-03-24 00:00:00,SA_REP,6400,0.1,147,80,Sales Representative,26972
166,Sundar,Ande,SANDE,44.1632.960021,2018-03-24 00:00:00,SA_REP,6400,0.1,147,80,Sales Representative,15569
166,Sundar,Ande,SANDE,44.1632.960021,2018-03-24 00:00:00,SA_REP,6400,0.1,147,80,Sales Representative,10469
166,Sundar,Ande,SANDE,44.1632.960021,2018-03-24 00:00:00,SA_REP,6400,0.1,147,80,Sales Representative,26972
166,Sundar,Ande,SANDE,44.1632.960021,2018-03-24 00:00:00,SA_REP,6400,0.1,147,80,Sales Representative,15569
166,Sundar,Ande,SANDE,44.1632.960021,2018-03-24 00:00:00,SA_REP,6400,0.1,147,80,Sales Representative,10469
166,Sundar,Ande,SANDE,44.1632.960021,2018-03-24 00:00:00,SA_REP,6400,0.1,147,80,Sales Representative,26972
166,Sundar,Ande,SANDE,44.1632.960021,2018-03-24 00:00:00,SA_REP,6400,0.1,147,80,Sales Representative,15569
166,Sundar,Ande,SANDE,44.1632.960021,2018-03-24 00:00:00,SA_REP,6400,0.1,147,80,Sales Representative,10469
166,Sundar,Ande,SANDE,44.1632.960021,2018-03-24 00:00:00,SA_REP,6400,0.1,147,80,Sales Representative,26972
166,Sundar,Ande,SANDE,44.1632.960021,2018-03-24 00:00:00,SA_REP,6400,0.1,147,80,Sales Representative,15569
166,Sundar,Ande,SANDE,44.1632.960021,2018-03-24 00:00:00,SA_REP,6400,0.1,147,80,Sales Representative,10469
167,Amit,Banda,ABANDA,44.1632.960022,2018-04-21 00:00:00,SA_REP,6200,0.1,147,80,Sales Representative,26972
167,Amit,Banda,ABANDA,44.1632.960022,2018-04-21 00:00:00,SA_REP,6200,0.1,147,80,Sales Representative,15569
167,Amit,Banda,ABANDA,44.1632.960022,2018-04-21 00:00:00,SA_REP,6200,0.1,147,80,Sales Representative,10469
167,Amit,Banda,ABANDA,44.1632.960022,2018-04-21 00:00:00,SA_REP,6200,0.1,147,80,Sales Representative,26972
167,Amit,Banda,ABANDA,44.1632.960022,2018-04-21 00:00:00,SA_REP,6200,0.1,147,80,Sales Representative,15569
167,Amit,Banda,ABANDA,44.1632.960022,2018-04-21 00:00:00,SA_REP,6200,0.1,147,80,Sales Representative,10469
167,Amit,Banda,ABANDA,44.1632.960022,2018-04-21 00:00:00,SA_REP,6200,0.1,147,80,Sales Representative,26972
167,Amit,Banda,ABANDA,44.1632.960022,2018-04-21 00:00:00,SA_REP,6200,0.1,147,80,Sales Representative,15569
167,Amit,Banda,ABANDA,44.1632.960022,2018-04-21 00:00:00,SA_REP,6200,0.1,147,80,Sales Representative,10469
167,Amit,Banda,ABANDA,44.1632.960022,2018-04-21 00:00:00,SA_REP,6200,0.1,147,80,Sales Representative,26972
167,Amit,Banda,ABANDA,44.1632.960022,2018-04-21 00:00:00,SA_REP,6200,0.1,147,80,Sales Representative,15569
167,Amit,Banda,ABANDA,44.1632.960022,2018-04-21 00:00:00,SA_REP,6200,0.1,147,80,Sales Representative,10469
167,Amit,Banda,ABANDA,44.1632.960022,2018-04-21 00:00:00,SA_REP,6200,0.1,147,80,Sales Representative,26972
167,Amit,Banda,ABANDA,44.1632.960022,2018-04-21 00:00:00,SA_REP,6200,0.1,147,80,Sales Representative,15569
167,Amit,Banda,ABANDA,44.1632.960022,2018-04-21 00:00:00,SA_REP,6200,0.1,147,80,Sales Representative,10469
168,Lisa,Ozer,LOZER,44.1632.960023,2015-03-11 00:00:00,SA_REP,11500,0.25,148,80,Sales Representative,26972
168,Lisa,Ozer,LOZER,44.1632.960023,2015-03-11 00:00:00,SA_REP,11500,0.25,148,80,Sales Representative,15569
168,Lisa,Ozer,LOZER,44.1632.960023,2015-03-11 00:00:00,SA_REP,11500,0.25,148,80,Sales Representative,10469
168,Lisa,Ozer,LOZER,44.1632.960023,2015-03-11 00:00:00,SA_REP,11500,0.25,148,80,Sales Representative,26972
168,Lisa,Ozer,LOZER,44.1632.960023,2015-03-11 00:00:00,SA_REP,11500,0.25,148,80,Sales Representative,15569
168,Lisa,Ozer,LOZER,44.1632.960023,2015-03-11 00:00:00,SA_REP,11500,0.25,148,80,Sales Representative,10469
168,Lisa,Ozer,LOZER,44.1632.960023,2015-03-11 00:00:00,SA_REP,11500,0.25,148,80,Sales Representative,26972
168,Lisa,Ozer,LOZER,44.1632.960023,2015-03-11 00:00:00,SA_REP,11500,0.25,148,80,Sales Representative,15569
168,Lisa,Ozer,LOZER,44.1632.960023,2015-03-11 00:00:00,SA_REP,11500,0.25,148,80,Sales Representative,10469
168,Lisa,Ozer,LOZER,44.1632.960023,2015-03-11 00:00:00,SA_REP,11500,0.25,148,80,Sales Representative,26972
168,Lisa,Ozer,LOZER,44.1632.960023,2015-03-11 00:00:00,SA_REP,11500,0.25,148,80,Sales Representative,15569
168,Lisa,Ozer,LOZER,44.1632.960023,2015-03-11 00:00:00,SA_REP,11500,0.25,148,80,Sales Representative,10469
168,Lisa,Ozer,LOZER,44.1632.960023,2015-03-11 00:00:00,SA_REP,11500,0.25,148,80,Sales Representative,26972
168,Lisa,Ozer,LOZER,44.1632.960023,2015-03-11 00:00:00,SA_REP,11500,0.25,148,80,Sales Representative,15569
168,Lisa,Ozer,LOZER,44.1632.960023,2015-03-11 00:00:00,SA_REP,11500,0.25,148,80,Sales Representative,10469
169,Harrison,Bloom,HBLOOM,44.1632.960024,2016-03-23 00:00:00,SA_REP,10000,0.2,148,80,Sales Representative,26972
169,Harrison,Bloom,HBLOOM,44.1632.960024,2016-03-23 00:00:00,SA_REP,10000,0.2,148,80,Sales Representative,15569
169,Harrison,Bloom,HBLOOM,44.1632.960024,2016-03-23 00:00:00,SA_REP,10000,0.2,148,80,Sales Representative,10469
169,Harrison,Bloom,HBLOOM,44.1632.960024,2016-03-23 00:00:00,SA_REP,10000,0.2,148,80,Sales Representative,26972
169,Harrison,Bloom,HBLOOM,44.1632.960024,2016-03-23 00:00:00,SA_REP,10000,0.2,148,80,Sales Representative,15569
169,Harrison,Bloom,HBLOOM,44.1632.960024,2016-03-23 00:00:00,SA_REP,10000,0.2,148,80,Sales Representative,10469
169,Harrison,Bloom,HBLOOM,44.1632.960024,2016-03-23 00:00:00,SA_REP,10000,0.2,148,80,Sales Representative,26972
169,Harrison,Bloom,HBLOOM,44.1632.960024,2016-03-23 00:00:00,SA_REP,10000,0.2,148,80,Sales Representative,15569
169,Harrison,Bloom,HBLOOM,44.1632.960024,2016-03-23 00:00:00,SA_REP,10000,0.2,148,80,Sales Representative,10469
169,Harrison,Bloom,HBLOOM,44.1632.960024,2016-03-23 00:00:00,SA_REP,10000,0.2,148,80,Sales Representative,26972
169,Harrison,Bloom,HBLOOM,44.1632.960024,2016-03-23 00:00:00,SA_REP,10000,0.2,148,80,Sales Representative,15569
169,Harrison,Bloom,HBLOOM,44.1632.960024,2016-03-23 00:00:00,SA_REP,10000,0.2,148,80,Sales Representative,10469
169,Harrison,Bloom,HBLOOM,44.1632.960024,2016-03-23 00:00:00,SA_REP,10000,0.2,148,80,Sales Representative,26972
169,Harrison,Bloom,HBLOOM,44.1632.960024,2016-03-23 00:00:00,SA_REP,10000,0.2,148,80,Sales Representative,15569
169,Harrison,Bloom,HBLOOM,44.1632.960024,2016-03-23 00:00:00,SA_REP,10000,0.2,148,80,Sales Representative,10469
170,Tayler,Fox,TFOX,44.1632.960025,2016-01-24 00:00:00,SA_REP,9600,0.2,148,80,Sales Representative,26972
170,Tayler,Fox,TFOX,44.1632.960025,2016-01-24 00:00:00,SA_REP,9600,0.2,148,80,Sales Representative,15569
170,Tayler,Fox,TFOX,44.1632.960025,2016-01-24 00:00:00,SA_REP,9600,0.2,148,80,Sales Representative,10469
170,Tayler,Fox,TFOX,44.1632.960025,2016-01-24 00:00:00,SA_REP,9600,0.2,148,80,Sales Representative,26972
170,Tayler,Fox,TFOX,44.1632.960025,2016-01-24 00:00:00,SA_REP,9600,0.2,148,80,Sales Representative,15569
170,Tayler,Fox,TFOX,44.1632.960025,2016-01-24 00:00:00,SA_REP,9600,0.2,148,80,Sales Representative,10469
170,Tayler,Fox,TFOX,44.1632.960025,2016-01-24 00:00:00,SA_REP,9600,0.2,148,80,Sales Representative,26972
170,Tayler,Fox,TFOX,44.1632.960025,2016-01-24 00:00:00,SA_REP,9600,0.2,148,80,Sales Representative,15569
170,Tayler,Fox,TFOX,44.1632.960025,2016-01-24 00:00:00,SA_REP,9600,0.2,148,80,Sales Representative,10469
170,Tayler,Fox,TFOX,44.1632.960025,2016-01-24 00:00:00,SA_REP,9600,0.2,148,80,Sales Representative,26972
170,Tayler,Fox,TFOX,44.1632.960025,2016-01-24 00:00:00,SA_REP,9600,0.2,148,80,Sales Representative,15569
170,Tayler,Fox,TFOX,44.1632.960025,2016-01-24 00:00:00,SA_REP,9600,0.2,148,80,Sales Representative,10469
170,Tayler,Fox,TFOX,44.1632.960025,2016-01-24 00:00:00,SA_REP,9600,0.2,148,80,Sales Representative,26972
170,Tayler,Fox,TFOX,44.1632.960025,2016-01-24 00:00:00,SA_REP,9600,0.2,148,80,Sales Representative,15569
170,Tayler,Fox,TFOX,44.1632.960025,2016-01-24 00:00:00,SA_REP,9600,0.2,148,80,Sales Representative,10469
171,William,Smith,WSMITH,44.1632.960026,2017-02-23 00:00:00,SA_REP,7400,0.15,148,80,Sales Representative,26972
171,William,Smith,WSMITH,44.1632.960026,2017-02-23 00:00:00,SA_REP,7400,0.15,148,80,Sales Representative,15569
171,William,Smith,WSMITH,44.1632.960026,2017-02-23 00:00:00,SA_REP,7400,0.15,148,80,Sales Representative,10469
171,William,Smith,WSMITH,44.1632.960026,2017-02-23 00:00:00,SA_REP,7400,0.15,148,80,Sales Representative,26972
171,William,Smith,WSMITH,44.1632.960026,2017-02-23 00:00:00,SA_REP,7400,0.15,148,80,Sales Representative,15569
171,William,Smith,WSMITH,44.1632.960026,2017-02-23 00:00:00,SA_REP,7400,0.15,148,80,Sales Representative,10469
171,William,Smith,WSMITH,44.1632.960026,2017-02-23 00:00:00,SA_REP,7400,0.15,148,80,Sales Representative,26972
171,William,Smith,WSMITH,44.1632.960026,2017-02-23 00:00:00,SA_REP,7400,0.15,148,80,Sales Representative,15569
171,William,Smith,WSMITH,44.1632.960026,2017-02-23 00:00:00,SA_REP,7400,0.15,148,80,Sales Representative,10469
171,William,Smith,WSMITH,44.1632.960026,2017-02-23 00:00:00,SA_REP,7400,0.15,148,80,Sales Representative,26972
171,William,Smith,WSMITH,44.1632.960026,2017-02-23 00:00:00,SA_REP,7400,0.15,148,80,Sales Representative,15569
171,William,Smith,WSMITH,44.1632.960026,2017-02-23 00:00:00,SA_REP,7400,0.15,148,80,Sales Representative,10469
171,William,Smith,WSMITH,44.1632.960026,2017-02-23 00:00:00,SA_REP,7400,0.15,148,80,Sales Representative,26972
171,William,Smith,WSMITH,44.1632.960026,2017-02-23 00:00:00,SA_REP,7400,0.15,148,80,Sales Representative,15569
171,William,Smith,WSMITH,44.1632.960026,2017-02-23 00:00:00,SA_REP,7400,0.15,148,80,Sales Representative,10469
172,Elizabeth,Bates,EBATES,44.1632.960027,2017-03-24 00:00:00,SA_REP,7300,0.15,148,80,Sales Representative,26972
172,Elizabeth,Bates,EBATES,44.1632.960027,2017-03-24 00:00:00,SA_REP,7300,0.15,148,80,Sales Representative,15569
172,Elizabeth,Bates,EBATES,44.1632.960027,2017-03-24 00:00:00,SA_REP,7300,0.15,148,80,Sales Representative,10469
172,Elizabeth,Bates,EBATES,44.1632.960027,2017-03-24 00:00:00,SA_REP,7300,0.15,148,80,Sales Representative,26972
172,Elizabeth,Bates,EBATES,44.1632.960027,2017-03-24 00:00:00,SA_REP,7300,0.15,148,80,Sales Representative,15569
172,Elizabeth,Bates,EBATES,44.1632.960027,2017-03-24 00:00:00,SA_REP,7300,0.15,148,80,Sales Representative,10469
172,Elizabeth,Bates,EBATES,44.1632.960027,2017-03-24 00:00:00,SA_REP,7300,0.15,148,80,Sales Representative,26972
172,Elizabeth,Bates,EBATES,44.1632.960027,2017-03-24 00:00:00,SA_REP,7300,0.15,148,80,Sales Representative,15569
172,Elizabeth,Bates,EBATES,44.1632.960027,2017-03-24 00:00:00,SA_REP,7300,0.15,148,80,Sales Representative,10469
172,Elizabeth,Bates,EBATES,44.1632.960027,2017-03-24 00:00:00,SA_REP,7300,0.15,148,80,Sales Representative,26972
172,Elizabeth,Bates,EBATES,44.1632.960027,2017-03-24 00:00:00,SA_REP,7300,0.15,148,80,Sales Representative,15569
172,Elizabeth,Bates,EBATES,44.1632.960027,2017-03-24 00:00:00,SA_REP,7300,0.15,148,80,Sales Representative,10469
172,Elizabeth,Bates,EBATES,44.1632.960027,2017-03-24 00:00:00,SA_REP,7300,0.15,148,80,Sales Representative,26972
172,Elizabeth,Bates,EBATES,44.1632.960027,2017-03-24 00:00:00,SA_REP,7300,0.15,148,80,Sales Representative,15569
172,Elizabeth,Bates,EBATES,44.1632.960027,2017-03-24 00:00:00,SA_REP,7300,0.15,148,80,Sales Representative,10469
173,Sundita,Kumar,SKUMAR,44.1632.960028,2018-04-21 00:00:00,SA_REP,6100,0.1,148,80,Sales Representative,26972
173,Sundita,Kumar,SKUMAR,44.1632.960028,2018-04-21 00:00:00,SA_REP,6100,0.1,148,80,Sales Representative,15569
173,Sundita,Kumar,SKUMAR,44.1632.960028,2018-04-21 00:00:00,SA_REP,6100,0.1,148,80,Sales Representative,10469
173,Sundita,Kumar,SKUMAR,44.1632.960028,2018-04-21 00:00:00,SA_REP,6100,0.1,148,80,Sales Representative,26972
173,Sundita,Kumar,SKUMAR,44.1632.960028,2018-04-21 00:00:00,SA_REP,6100,0.1,148,80,Sales Representative,15569
173,Sundita,Kumar,SKUMAR,44.1632.960028,2018-04-21 00:00:00,SA_REP,6100,0.1,148,80,Sales Representative,10469
173,Sundita,Kumar,SKUMAR,44.1632.960028,2018-04-21 00:00:00,SA_REP,6100,0.1,148,80,Sales Representative,26972
173,Sundita,Kumar,SKUMAR,44.1632.960028,2018-04-21 00:00:00,SA_REP,6100,0.1,148,80,Sales Representative,15569
173,Sundita,Kumar,SKUMAR,44.1632.960028,2018-04-21 00:00:00,SA_REP,6100,0.1,148,80,Sales Representative,10469
173,Sundita,Kumar,SKUMAR,44.1632.960028,2018-04-21 00:00:00,SA_REP,6100,0.1,148,80,Sales Representative,26972
173,Sundita,Kumar,SKUMAR,44.1632.960028,2018-04-21 00:00:00,SA_REP,6100,0.1,148,80,Sales Representative,15569
173,Sundita,Kumar,SKUMAR,44.1632.960028,2018-04-21 00:00:00,SA_REP,6100,0.1,148,80,Sales Representative,10469
173,Sundita,Kumar,SKUMAR,44.1632.960028,2018-04-21 00:00:00,SA_REP,6100,0.1,148,80,Sales Representative,26972
173,Sundita,Kumar,SKUMAR,44.1632.960028,2018-04-21 00:00:00,SA_REP,6100,0.1,148,80,Sales Representative,15569
173,Sundita,Kumar,SKUMAR,44.1632.960028,2018-04-21 00:00:00,SA_REP,6100,0.1,148,80,Sales Representative,10469
174,Ellen,Abel,EABEL,44.1632.960029,2014-05-11 00:00:00,SA_REP,11000,0.3,149,80,Sales Representative,26972
174,Ellen,Abel,EABEL,44.1632.960029,2014-05-11 00:00:00,SA_REP,11000,0.3,149,80,Sales Representative,15569
174,Ellen,Abel,EABEL,44.1632.960029,2014-05-11 00:00:00,SA_REP,11000,0.3,149,80,Sales Representative,10469
174,Ellen,Abel,EABEL,44.1632.960029,2014-05-11 00:00:00,SA_REP,11000,0.3,149,80,Sales Representative,26972
174,Ellen,Abel,EABEL,44.1632.960029,2014-05-11 00:00:00,SA_REP,11000,0.3,149,80,Sales Representative,15569
174,Ellen,Abel,EABEL,44.1632.960029,2014-05-11 00:00:00,SA_REP,11000,0.3,149,80,Sales Representative,10469
174,Ellen,Abel,EABEL,44.1632.960029,2014-05-11 00:00:00,SA_REP,11000,0.3,149,80,Sales Representative,26972
174,Ellen,Abel,EABEL,44.1632.960029,2014-05-11 00:00:00,SA_REP,11000,0.3,149,80,Sales Representative,15569
174,Ellen,Abel,EABEL,44.1632.960029,2014-05-11 00:00:00,SA_REP,11000,0.3,149,80,Sales Representative,10469
174,Ellen,Abel,EABEL,44.1632.960029,2014-05-11 00:00:00,SA_REP,11000,0.3,149,80,Sales Representative,26972
174,Ellen,Abel,EABEL,44.1632.960029,2014-05-11 00:00:00,SA_REP,11000,0.3,149,80,Sales Representative,15569
174,Ellen,Abel,EABEL,44.1632.960029,2014-05-11 00:00:00,SA_REP,11000,0.3,149,80,Sales Representative,10469
174,Ellen,Abel,EABEL,44.1632.960029,2014-05-11 00:00:00,SA_REP,11000,0.3,149,80,Sales Representative,26972
174,Ellen,Abel,EABEL,44.1632.960029,2014-05-11 00:00:00,SA_REP,11000,0.3,149,80,Sales Representative,15569
174,Ellen,Abel,EABEL,44.1632.960029,2014-05-11 00:00:00,SA_REP,11000,0.3,149,80,Sales Representative,10469
175,Alyssa,Hutton,AHUTTON,44.1632.960030,2015-03-19 00:00:00,SA_REP,8800,0.25,149,80,Sales Representative,26972
175,Alyssa,Hutton,AHUTTON,44.1632.960030,2015-03-19 00:00:00,SA_REP,8800,0.25,149,80,Sales Representative,15569
175,Alyssa,Hutton,AHUTTON,44.1632.960030,2015-03-19 00:00:00,SA_REP,8800,0.25,149,80,Sales Representative,10469
175,Alyssa,Hutton,AHUTTON,44.1632.960030,2015-03-19 00:00:00,SA_REP,8800,0.25,149,80,Sales Representative,26972
175,Alyssa,Hutton,AHUTTON,44.1632.960030,2015-03-19 00:00:00,SA_REP,8800,0.25,149,80,Sales Representative,15569
175,Alyssa,Hutton,AHUTTON,44.1632.960030,2015-03-19 00:00:00,SA_REP,8800,0.25,149,80,Sales Representative,10469
175,Alyssa,Hutton,AHUTTON,44.1632.960030,2015-03-19 00:00:00,SA_REP,8800,0.25,149,80,Sales Representative,26972
175,Alyssa,Hutton,AHUTTON,44.1632.960030,2015-03-19 00:00:00,SA_REP,8800,0.25,149,80,Sales Representative,15569
175,Alyssa,Hutton,AHUTTON,44.1632.960030,2015-03-19 00:00:00,SA_REP,8800,0.25,149,80,Sales Representative,10469
175,Alyssa,Hutton,AHUTTON,44.1632.960030,2015-03-19 00:00:00,SA_REP,8800,0.25,149,80,Sales Representative,26972
175,Alyssa,Hutton,AHUTTON,44.1632.960030,2015-03-19 00:00:00,SA_REP,8800,0.25,149,80,Sales Representative,15569
175,Alyssa,Hutton,AHUTTON,44.1632.960030,2015-03-19 00:00:00,SA_REP,8800,0.25,149,80,Sales Representative,10469
175,Alyssa,Hutton,AHUTTON,44.1632.960030,2015-03-19 00:00:00,SA_REP,8800,0.25,149,80,Sales Representative,26972
175,Alyssa,Hutton,AHUTTON,44.1632.960030,2015-03-19 00:00:00,SA_REP,8800,0.25,149,80,Sales Representative,15569
175,Alyssa,Hutton,AHUTTON,44.1632.960030,2015-03-19 00:00:00,SA_REP,8800,0.25,149,80,Sales Representative,10469
176,Jonathon,Taylor,JTAYLOR,44.1632.960031,2016-03-24 00:00:00,SA_REP,8600,0.2,149,80,Sales Representative,26972
176,Jonathon,Taylor,JTAYLOR,44.1632.960031,2016-03-24 00:00:00,SA_REP,8600,0.2,149,80,Sales Representative,15569
176,Jonathon,Taylor,JTAYLOR,44.1632.960031,2016-03-24 00:00:00,SA_REP,8600,0.2,149,80,Sales Representative,10469
176,Jonathon,Taylor,JTAYLOR,44.1632.960031,2016-03-24 00:00:00,SA_REP,8600,0.2,149,80,Sales Representative,26972
176,Jonathon,Taylor,JTAYLOR,44.1632.960031,2016-03-24 00:00:00,SA_REP,8600,0.2,149,80,Sales Representative,15569
176,Jonathon,Taylor,JTAYLOR,44.1632.960031,2016-03-24 00:00:00,SA_REP,8600,0.2,149,80,Sales Representative,10469
176,Jonathon,Taylor,JTAYLOR,44.1632.960031,2016-03-24 00:00:00,SA_REP,8600,0.2,149,80,Sales Representative,26972
176,Jonathon,Taylor,JTAYLOR,44.1632.960031,2016-03-24 00:00:00,SA_REP,8600,0.2,149,80,Sales Representative,15569
176,Jonathon,Taylor,JTAYLOR,44.1632.960031,2016-03-24 00:00:00,SA_REP,8600,0.2,149,80,Sales Representative,10469
176,Jonathon,Taylor,JTAYLOR,44.1632.960031,2016-03-24 00:00:00,SA_REP,8600,0.2,149,80,Sales Representative,26972
176,Jonathon,Taylor,JTAYLOR,44.1632.960031,2016-03-24 00:00:00,SA_REP,8600,0.2,149,80,Sales Representative,15569
176,Jonathon,Taylor,JTAYLOR,44.1632.960031,2016-03-24 00:00:00,SA_REP,8600,0.2,149,80,Sales Representative,10469
176,Jonathon,Taylor,JTAYLOR,44.1632.960031,2016-03-24 00:00:00,SA_REP,8600,0.2,149,80,Sales Representative,26972
176,Jonathon,Taylor,JTAYLOR,44.1632.960031,2016-03-24 00:00:00,SA_REP,8600,0.2,149,80,Sales Representative,15569
176,Jonathon,Taylor,JTAYLOR,44.1632.960031,2016-03-24 00:00:00,SA_REP,8600,0.2,149,80,Sales Representative,10469
177,Jack,Livingston,JLIVINGS,44.1632.960032,2016-04-23 00:00:00,SA_REP,8400,0.2,149,80,Sales Representative,26972
177,Jack,Livingston,JLIVINGS,44.1632.960032,2016-04-23 00:00:00,SA_REP,8400,0.2,149,80,Sales Representative,15569
177,Jack,Livingston,JLIVINGS,44.1632.960032,2016-04-23 00:00:00,SA_REP,8400,0.2,149,80,Sales Representative,10469
177,Jack,Livingston,JLIVINGS,44.1632.960032,2016-04-23 00:00:00,SA_REP,8400,0.2,149,80,Sales Representative,26972
177,Jack,Livingston,JLIVINGS,44.1632.960032,2016-04-23 00:00:00,SA_REP,8400,0.2,149,80,Sales Representative,15569
177,Jack,Livingston,JLIVINGS,44.1632.960032,2016-04-23 00:00:00,SA_REP,8400,0.2,149,80,Sales Representative,10469
177,Jack,Livingston,JLIVINGS,44.1632.960032,2016-04-23 00:00:00,SA_REP,8400,0.2,149,80,Sales Representative,26972
177,Jack,Livingston,JLIVINGS,44.1632.960032,2016-04-23 00:00:00,SA_REP,8400,0.2,149,80,Sales Representative,15569
177,Jack,Livingston,JLIVINGS,44.1632.960032,2016-04-23 00:00:00,SA_REP,8400,0.2,149,80,Sales Representative,10469
177,Jack,Livingston,JLIVINGS,44.1632.960032,2016-04-23 00:00:00,SA_REP,8400,0.2,149,80,Sales Representative,26972
177,Jack,Livingston,JLIVINGS,44.1632.960032,2016-04-23 00:00:00,SA_REP,8400,0.2,149,80,Sales Representative,15569
177,Jack,Livingston,JLIVINGS,44.1632.960032,2016-04-23 00:00:00,SA_REP,8400,0.2,149,80,Sales Representative,10469
177,Jack,Livingston,JLIVINGS,44.1632.960032,2016-04-23 00:00:00,SA_REP,8400,0.2,149,80,Sales Representative,26972
177,Jack,Livingston,JLIVINGS,44.1632.960032,2016-04-23 00:00:00,SA_REP,8400,0.2,149,80,Sales Representative,15569
177,Jack,Livingston,JLIVINGS,44.1632.960032,2016-04-23 00:00:00,SA_REP,8400,0.2,149,80,Sales Representative,10469
178,Kimberely,Grant,KGRANT,44.1632.960033,2017-05-24 00:00:00,SA_REP,7000,0.15,149,,Sales Representative,26972
178,Kimberely,Grant,KGRANT,44.1632.960033,2017-05-24 00:00:00,SA_REP,7000,0.15,149,,Sales Representative,15569
178,Kimberely,Grant,KGRANT,44.1632.960033,2017-05-24 00:00:00,SA_REP,7000,0.15,149,,Sales Representative,10469
178,Kimberely,Grant,KGRANT,44.1632.960033,2017-05-24 00:00:00,SA_REP,7000,0.15,149,,Sales Representative,26972
178,Kimberely,Grant,KGRANT,44.1632.960033,2017-05-24 00:00:00,SA_REP,7000,0.15,149,,Sales Representative,15569
178,Kimberely,Grant,KGRANT,44.1632.960033,2017-05-24 00:00:00,SA_REP,7000,0.15,149,,Sales Representative,10469
178,Kimberely,Grant,KGRANT,44.1632.960033,2017-05-24 00:00:00,SA_REP,7000,0.15,149,,Sales Representative,26972
178,Kimberely,Grant,KGRANT,44.1632.960033,2017-05-24 00:00:00,SA_REP,7000,0.15,149,,Sales Representative,15569
178,Kimberely,Grant,KGRANT,44.1632.960033,2017-05-24 00:00:00,SA_REP,7000,0.15,149,,Sales Representative,10469
178,Kimberely,Grant,KGRANT,44.1632.960033,2017-05-24 00:00:00,SA_REP,7000,0.15,149,,Sales Representative,26972
178,Kimberely,Grant,KGRANT,44.1632.960033,2017-05-24 00:00:00,SA_REP,7000,0.15,149,,Sales Representative,15569
178,Kimberely,Grant,KGRANT,44.1632.960033,2017-05-24 00:00:00,SA_REP,7000,0.15,149,,Sales Representative,10469
178,Kimberely,Grant,KGRANT,44.1632.960033,2017-05-24 00:00:00,SA_REP,7000,0.15,149,,Sales Representative,26972
178,Kimberely,Grant,KGRANT,44.1632.960033,2017-05-24 00:00:00,SA_REP,7000,0.15,149,,Sales Representative,15569
178,Kimberely,Grant,KGRANT,44.1632.960033,2017-05-24 00:00:00,SA_REP,7000,0.15,149,,Sales Representative,10469
179,Charles,Johnson,CJOHNSON,44.1632.960034,2018-01-04 00:00:00,SA_REP,6200,0.1,149,80,Sales Representative,26972
179,Charles,Johnson,CJOHNSON,44.1632.960034,2018-01-04 00:00:00,SA_REP,6200,0.1,149,80,Sales Representative,15569
179,Charles,Johnson,CJOHNSON,44.1632.960034,2018-01-04 00:00:00,SA_REP,6200,0.1,149,80,Sales Representative,10469
179,Charles,Johnson,CJOHNSON,44.1632.960034,2018-01-04 00:00:00,SA_REP,6200,0.1,149,80,Sales Representative,26972
179,Charles,Johnson,CJOHNSON,44.1632.960034,2018-01-04 00:00:00,SA_REP,6200,0.1,149,80,Sales Representative,15569
179,Charles,Johnson,CJOHNSON,44.1632.960034,2018-01-04 00:00:00,SA_REP,6200,0.1,149,80,Sales Representative,10469
179,Charles,Johnson,CJOHNSON,44.1632.960034,2018-01-04 00:00:00,SA_REP,6200,0.1,149,80,Sales Representative,26972
179,Charles,Johnson,CJOHNSON,44.1632.960034,2018-01-04 00:00:00,SA_REP,6200,0.1,149,80,Sales Representative,15569
179,Charles,Johnson,CJOHNSON,44.1632.960034,2018-01-04 00:00:00,SA_REP,6200,0.1,149,80,Sales Representative,10469
179,Charles,Johnson,CJOHNSON,44.1632.960034,2018-01-04 00:00:00,SA_REP,6200,0.1,149,80,Sales Representative,26972
179,Charles,Johnson,CJOHNSON,44.1632.960034,2018-01-04 00:00:00,SA_REP,6200,0.1,149,80,Sales Representative,15569
179,Charles,Johnson,CJOHNSON,44.1632.960034,2018-01-04 00:00:00,SA_REP,6200,0.1,149,80,Sales Representative,10469
179,Charles,Johnson,CJOHNSON,44.1632.960034,2018-01-04 00:00:00,SA_REP,6200,0.1,149,80,Sales Representative,26972
179,Charles,Johnson,CJOHNSON,44.1632.960034,2018-01-04 00:00:00,SA_REP,6200,0.1,149,80,Sales Representative,15569
179,Charles,Johnson,CJOHNSON,44.1632.960034,2018-01-04 00:00:00,SA_REP,6200,0.1,149,80,Sales Representative,10469
